match_column,structure_node,query_residue,wt_aa
0,16,39,A
1,17,40,R
2,18,41,V
3,19,42,G
4,20,43,Y
5,21,44,I
6,22,45,E
7,23,46,L
8,24,47,D
9,25,48,L
10,26,49,N
11,27,50,S
12,28,51,G
13,29,52,K
14,30,53,I
15,31,54,L
16,32,55,E
17,33,56,S
18,34,57,F
19,35,58,R
20,36,59,P
21,37,60,E
22,38,61,E
23,39,62,R
24,40,63,F
25,41,64,P
26,42,65,M
27,43,66,M
28,44,67,S
29,45,68,T
30,46,69,F
31,47,70,K
32,48,71,V
33,49,72,L
34,50,73,L
35,51,74,C
36,52,75,G
37,53,76,A
38,54,77,V
39,55,78,L
40,56,79,S
41,57,80,R
42,58,81,I
43,62,85,Q
44,63,86,E
45,64,87,Q
46,65,88,L
47,66,89,G
48,67,90,R
49,68,91,R
50,69,92,I
51,70,93,H
52,71,94,Y
53,72,95,S
54,73,96,Q
55,74,97,N
56,75,98,D
57,76,99,L
58,77,100,V
59,78,101,E
60,79,102,Y
61,80,103,S
62,81,104,P
63,82,105,V
64,83,106,T
65,84,107,E
66,85,108,K
67,86,109,H
68,87,110,L
69,88,111,T
70,89,112,D
71,90,113,G
72,91,114,M
73,92,115,T
74,93,116,V
75,94,117,R
76,95,118,E
77,96,119,L
78,97,120,C
79,98,121,S
80,99,122,A
81,100,123,A
82,101,124,I
83,102,125,T
84,103,126,M
85,104,127,S
86,105,128,D
87,106,129,N
88,107,130,T
89,108,131,A
90,109,132,A
91,110,133,N
92,111,134,L
93,112,135,L
94,113,136,L
95,114,137,T
96,115,138,T
97,116,139,I
98,117,140,G
99,119,142,P
100,120,143,K
101,121,144,E
102,122,145,L
103,123,146,T
104,124,147,A
105,125,148,F
106,126,149,L
107,127,150,H
108,128,151,N
109,129,152,M
110,130,153,G
111,131,154,D
112,132,155,H
113,133,156,V
114,134,157,T
115,135,158,R
116,136,159,L
117,137,160,D
118,138,161,R
119,139,162,W
120,140,163,E
121,141,164,P
122,148,171,P
123,149,172,N
124,150,173,D
125,151,174,E
126,152,175,R
127,153,176,D
128,154,177,T
129,155,178,T
130,156,179,M
131,157,180,P
132,158,181,V
133,159,182,A
134,160,183,M
135,161,184,A
136,162,185,T
137,163,186,T
138,164,187,L
139,165,188,R
140,166,189,K
141,167,190,L
142,168,191,L
143,169,192,T
144,170,193,G
145,171,194,E
146,172,195,L
147,173,196,L
148,174,197,T
149,175,198,L
150,176,199,A
151,177,200,S
152,178,201,R
153,179,202,Q
154,180,203,Q
155,181,204,L
156,182,205,I
157,183,206,D
158,184,207,W
159,185,208,M
160,186,209,E
161,187,210,A
162,188,211,D
163,189,212,K
164,190,213,V
165,191,214,A
166,192,215,G
167,193,216,P
168,194,217,L
169,195,218,L
170,196,219,R
171,197,220,S
172,198,221,A
173,199,222,L
174,200,223,P
175,201,224,A
176,202,225,G
177,203,226,W
178,204,227,F
179,205,228,I
180,206,229,A
181,207,230,D
182,208,231,K
183,209,232,S
184,210,233,G
185,211,234,A
186,212,235,G
187,213,236,E
188,214,237,R
189,215,238,G
190,216,239,S
191,217,240,R
192,218,241,G
193,219,242,I
194,220,243,I
195,221,244,A
196,222,245,A
197,223,246,L
198,224,247,G
199,225,248,P
200,226,249,D
201,227,250,G
202,228,251,K
203,229,252,P
204,230,253,S
205,232,255,I
206,233,256,V
207,234,257,V
208,235,258,I
209,236,259,Y
210,237,260,T
211,238,261,T
212,239,262,G
213,240,263,S
214,241,264,Q
