Single,Code,Fitness,supervised_score,target_normalized,target_original,prediction_normalized,prediction_original
0,E_T_28_A_G,0.07076913,0.8661592,-0.9689223,0.07076913,0.81480247,0.8661592
0,E_T_28_V_L,0.07038364,0.83753467,-0.9697868,0.07038364,0.7506098,0.83753467
0,E_T_28_I_N,0.06922352,0.8192959,-0.97238845,0.06922352,0.709708,0.8192959
0,E_T_28_I_P,0.06504828,0.400338,-0.98175174,0.06504828,-0.22983819,0.400338
0,E_T_28_I_H,0.06478134,0.7587578,-0.9823504,0.06478134,0.57394654,0.7587578
0,E_T_28_M_V,0.89724183,0.8748886,0.8845078,0.89724183,0.8343789,0.8748886
0,E_T_28_G_G,0.058523983,0.8080622,-0.996383,0.058523983,0.6845154,0.8080622
0,E_T_28_R_S,0.05612886,0.9678205,-1.0017543,0.05612886,1.0427861,0.9678205
0,E_T_28_I_Y,0.002840221,0.6354778,-1.1212583,0.002840221,0.29748127,0.6354778
0,E_T_28_T_K,0.0499278,0.81505775,-1.0156606,0.0499278,0.7002036,0.81505775
0,E_T_28_K_G,0.047035933,0.87135684,-1.0221459,0.047035933,0.82645863,0.87135684
0,E_T_28_R_G,0.014398932,0.869696,-1.0953369,0.014398932,0.8227342,0.869696
0,E_T_28_G_R,0.019887775,0.73282474,-1.0830277,0.019887775,0.5157895,0.73282474
0,E_T_28_N_L,0.46241298,0.841291,-0.09063012,0.46241298,0.7590337,0.841291
0,E_T_28_M_A,0.40662023,0.92221284,-0.21574976,0.40662023,0.94050723,0.92221284
0,E_T_28_R_R,0.0009435415,0.7998965,-1.1255116,0.0009435415,0.6662032,0.7998965
0,E_T_28_P_K,0.069429964,0.5501452,-0.9719255,0.069429964,0.10611636,0.5501452
0,E_T_28_S_G,0.050982594,0.85035336,-1.0132952,0.050982594,0.7793568,0.85035336
0,E_T_28_S_F,0.042521566,0.59602404,-1.0322697,0.042521566,0.20900318,0.59602404
0,E_T_28_T_N,0.07767406,0.8341451,-0.95343745,0.07767406,0.7430085,0.8341451
0,E_T_28_R_F,0.037133157,0.63535935,-1.0443536,0.037133157,0.29721567,0.63535935
0,E_T_28_V_I,0.091035575,0.80092597,-0.9234732,0.091035575,0.668512,0.80092597
0,E_T_28_G_V,1.0493772,0.85338026,1.2256832,1.0493772,0.7861448,0.85338026
0,E_T_28_V_A,0.09959835,0.9071157,-0.9042705,0.09959835,0.9066507,0.9071157
0,E_T_28_R_L,0.101733476,0.8599057,-0.8994823,0.101733476,0.8007787,0.8599057
0,E_T_28_Y_R,0.0044665933,0.75572586,-1.1176109,0.0044665933,0.5671472,0.75572586
0,E_T_28_G_S,0.48240694,0.9500236,-0.045792088,0.48240694,1.0028751,0.9500236
0,E_T_28_V_S,0.14700085,0.94327927,-0.79796666,0.14700085,0.98775035,0.94327927
0,E_T_28_I_S,0.1478535,0.92794955,-0.79605454,0.1478535,0.9533723,0.92794955
0,E_T_28_A_S,0.57105803,0.9788414,0.153015,0.57105803,1.0675014,0.9788414
0,E_T_28_G_L,0.7455301,0.8193219,0.5442824,0.7455301,0.7097661,0.8193219
0,E_T_28_L_A,0.3035298,0.90648556,-0.44693816,0.3035298,0.9052376,0.90648556
0,E_T_28_V_P,0.31499338,0.41331178,-0.42123017,0.31499338,-0.20074347,0.41331178
0,E_T_28_L_S,0.3406552,0.9425094,-0.3636815,0.3406552,0.98602396,0.9425094
0,E_T_28_L_L,0.34815133,0.8358369,-0.34687084,0.34815133,0.7468024,0.8358369
0,E_T_28_G_A,0.36998236,0.9035533,-0.29791304,0.36998236,0.8986618,0.9035533
0,E_T_28_A_C,0.44949105,0.815479,-0.11960857,0.44949105,0.7011482,0.815479
0,V_K_33_M_G,0.06708637,0.6783934,-0.9771812,0.06708637,0.39372298,0.6783934
0,V_K_33_S_S,0.011314958,0.50306463,-1.102253,0.011314958,0.0005344078,0.50306463
0,V_K_33_G_G,0.0029586852,0.3823659,-1.1209925,0.0029586852,-0.270142,0.3823659
0,V_K_33_S_Q,0.04627648,0.5384047,-1.023849,0.04627648,0.07978732,0.5384047
0,V_K_33_G_L,0.019106597,0.5305916,-1.0847796,0.019106597,0.06226585,0.5305916
0,V_K_33_G_R,0.022101939,0.5590383,-1.0780623,0.022101939,0.12605965,0.5590383
0,V_K_33_R_R,0.0018149614,0.35665515,-1.1235574,0.0018149614,-0.3278004,0.35665515
0,V_K_33_E_V,0.0017080903,0.46058926,-1.123797,0.0017080903,-0.09471996,0.46058926
0,V_K_33_Q_G,0.00169456,0.3609938,-1.1238275,0.00169456,-0.31807065,0.3609938
0,V_K_33_Q_F,0.0015408397,0.5514222,-1.1241722,0.0015408397,0.10898004,0.5514222
0,V_K_33_A_G,0.14148524,0.5824937,-0.8103359,0.14148524,0.17866042,0.5824937
0,V_K_33_L_L,0.74784577,0.785522,0.5494753,0.74784577,0.6339672,0.785522
0,V_K_33_L_A,0.87705433,0.7837564,0.83923566,0.87705433,0.6300078,0.7837564
0,V_K_33_L_G,0.8847579,0.73370093,0.8565116,0.8847579,0.51775444,0.73370093
0,K_D_34_W_G,0.67603785,0.82685935,0.38844046,0.67603785,0.7266695,0.82685935
0,K_D_34_P_C,0.002162695,0.43651965,-1.1227777,0.002162695,-0.14869793,0.43651965
0,K_D_34_R_E,1.1217536,1.0048685,1.3879931,1.1217536,1.1258693,1.0048685
0,K_D_34_I_P,0.0018984079,0.4440353,-1.1233703,0.0018984079,-0.1318435,0.4440353
0,K_D_34_P_P,0.0016702414,0.22415143,-1.123882,0.0016702414,-0.6249504,0.22415143
0,K_D_34_G_P,0.0016278625,0.33774057,-1.1239771,0.0016278625,-0.37021783,0.33774057
0,K_D_34_R_A,1.0874308,0.9556097,1.3110217,1.0874308,1.0154023,0.9556097
0,K_D_34_G_A,1.0869428,0.8746911,1.3099271,1.0869428,0.83393604,0.8746911
0,K_D_34_G_E,1.0630138,0.94104636,1.2562644,1.0630138,0.98274285,0.94104636
0,K_D_34_Q_R,1.0376234,0.87677085,1.1993245,1.0376234,0.8386,0.87677085
0,K_D_34_S_R,1.0292586,0.84529483,1.1805658,1.0292586,0.7680126,0.84529483
0,K_D_34_E_A,1.0286204,0.9416221,1.1791345,1.0286204,0.984034,0.9416221
0,K_D_34_L_Q,1.0164232,0.9038304,1.1517816,1.0164232,0.8992833,0.9038304
0,K_D_34_L_R,1.0020459,0.8619288,1.119539,1.0020459,0.8053157,0.8619288
0,K_D_34_G_R,0.99455655,0.8107454,1.1027437,0.99455655,0.6905328,0.8107454
0,K_D_34_I_G,0.9897336,0.87580043,1.0919279,0.9897336,0.83642375,0.87580043
0,K_D_34_T_S,0.9817497,0.9372926,1.0740234,0.9817497,0.97432476,0.9372926
0,K_D_34_I_R,0.98064816,0.85209453,1.0715531,0.98064816,0.7832615,0.85209453
0,K_D_34_G_L,0.968187,0.76813173,1.043608,0.968187,0.5949682,0.76813173
0,K_D_34_T_R,0.95203924,0.8601543,1.0073953,0.95203924,0.8013361,0.8601543
0,K_D_34_D_A,0.48188993,0.8875625,-0.046951555,0.48188993,0.86280113,0.8875625
0,K_D_34_S_L,0.9405883,0.80557716,0.9817157,0.9405883,0.6789425,0.80557716
0,K_D_34_L_F,0.54172385,0.66511416,0.0872307,0.54172385,0.36394316,0.66511416
0,K_D_34_V_H,0.91784275,0.82822025,0.9307069,0.91784275,0.7297215,0.82822025
0,K_D_34_T_T,0.6213602,0.89831924,0.2658215,0.6213602,0.8869241,0.89831924
0,K_D_34_I_Y,0.62393355,0.71548,0.2715924,0.62393355,0.47689268,0.71548
0,K_D_34_G_V,0.91421956,0.78779566,0.9225817,0.91421956,0.6390661,0.78779566
0,K_D_34_G_S,0.72849435,0.8830539,0.5060783,0.72849435,0.8526903,0.8830539
0,K_D_34_L_G,0.9023289,0.8907528,0.895916,0.9023289,0.86995554,0.8907528
0,K_D_34_T_I,0.8290973,0.77765733,0.7316882,0.8290973,0.61633015,0.77765733
0,K_D_34_L_H,0.88069487,0.83017266,0.8474,0.88069487,0.73409986,0.83017266
0,K_D_34_V_F,0.35475546,0.664135,-0.33206055,0.35475546,0.3617473,0.664135
0,K_D_34_V_L,0.43209177,0.8244445,-0.15862782,0.43209177,0.721254,0.8244445
0,F_P_66_V_I,0.0013267398,0.44361472,-1.1246523,0.0013267398,-0.13278672,0.44361472
0,F_P_66_V_G,0.0012168884,0.49508554,-1.1248987,0.0012168884,-0.017359376,0.49508554
0,F_P_66_V_L,0.0011538863,0.4614371,-1.1250399,0.0011538863,-0.092818566,0.4614371
0,F_P_66_T_G,0.0011103153,0.3363638,-1.1251377,0.0011103153,-0.37330535,0.3363638
0,F_P_66_W_G,0.0010792613,0.22757152,-1.1252073,0.0010792613,-0.6172806,0.22757152
0,F_P_66_H_R,0.0010685325,0.17510265,-1.1252314,0.0010685325,-0.73494613,0.17510265
0,F_P_66_H_S,0.0010501146,0.2743342,-1.1252726,0.0010501146,-0.51241165,0.2743342
0,F_P_66_L_S,0.0010490417,0.53522587,-1.1252751,0.0010490417,0.0726585,0.53522587
0,F_P_66_R_R,0.0010397434,0.15316868,-1.125296,0.0010397434,-0.7841348,0.15316868
0,F_P_66_V_Q,0.0010338426,0.46576917,-1.1253092,0.0010338426,-0.08310359,0.46576917
0,F_P_66_R_G,0.00102669,0.17938796,-1.1253252,0.00102669,-0.725336,0.17938796
0,F_P_66_L_A,0.0010108352,0.5314805,-1.1253607,0.0010108352,0.06425922,0.5314805
0,F_P_66_R_C,0.0010088086,0.23832902,-1.1253653,0.0010088086,-0.59315604,0.23832902
0,F_P_66_G_D,0.0009951591,0.23323983,-1.1253959,0.0009951591,-0.60456896,0.23323983
0,F_P_66_R_V,0.0009827018,0.2625676,-1.1254239,0.0009827018,-0.5387991,0.2625676
0,F_P_66_T_R,0.0009711385,0.25023416,-1.1254498,0.0009711385,-0.56645787,0.25023416
0,F_P_66_G_W,0.0009675026,0.16573033,-1.1254579,0.0009675026,-0.75596434,0.16573033
0,F_P_66_G_V,0.0009673238,0.33155394,-1.1254584,0.0009673238,-0.38409188,0.33155394
0,F_P_66_L_R,0.00096684694,0.36184356,-1.1254594,0.00096684694,-0.31616497,0.36184356
0,F_P_66_G_K,0.00096309185,0.2598821,-1.1254679,0.00096309185,-0.54482156,0.2598821
0,F_P_66_R_D,0.00095915794,0.17792249,-1.1254767,0.00095915794,-0.72862244,0.17792249
0,F_P_66_G_R,0.0009589195,0.1929757,-1.1254772,0.0009589195,-0.69486445,0.1929757
0,F_P_66_G_G,0.0009573698,0.26265174,-1.1254807,0.0009573698,-0.5386104,0.26265174
0,F_P_66_I_R,0.00095260143,0.3713206,-1.1254914,0.00095260143,-0.29491192,0.3713206
0,F_P_66_R_T,0.0009509921,0.24047154,-1.125495,0.0009509921,-0.5883513,0.24047154
0,F_P_66_L_G,0.00094783306,0.4931711,-1.1255021,0.00094783306,-0.021652602,0.4931711
0,F_P_66_A_R,0.00094145536,0.28456128,-1.1255163,0.00094145536,-0.48947653,0.28456128
0,F_P_66_R_F,0.00092476606,0.14347398,-1.1255537,0.00092476606,-0.80587596,0.14347398
0,F_P_66_K_E,0.00092476606,0.22758254,-1.1255537,0.00092476606,-0.61725587,0.22758254
0,F_P_66_N_S,0.0009585023,0.31724584,-1.1254781,0.0009585023,-0.4161789,0.31724584
0,F_P_66_N_G,0.0009431839,0.24799171,-1.1255125,0.0009431839,-0.5714867,0.24799171
0,P_M_67_L_V,0.0038612485,0.52593607,-1.1189685,0.0038612485,0.051825397,0.52593607
0,P_M_67_A_A,0.003789395,0.4707045,-1.1191297,0.003789395,-0.07203572,0.4707045
0,P_M_67_G_V,0.0068395436,0.5817071,-1.1122894,0.0068395436,0.1768963,0.5817071
0,P_M_67_Y_I,0.007889032,0.34116745,-1.1099359,0.007889032,-0.36253282,0.34116745
0,P_M_67_R_L,0.003237456,0.43112049,-1.1203674,0.003237456,-0.160806,0.43112049
0,P_M_67_A_G,0.0030902624,0.3603587,-1.1206975,0.0030902624,-0.31949493,0.3603587
0,P_M_67_I_V,0.002949506,0.5109441,-1.1210132,0.002949506,0.018204845,0.5109441
0,P_M_67_A_I,0.050324827,0.59866625,-1.0147703,0.050324827,0.21492851,0.59866625
0,P_M_67_S_L,0.047796935,0.5953831,-1.0204393,0.047796935,0.20756587,0.5953831
0,P_M_67_C_L,0.021782696,0.5657531,-1.0787783,0.021782696,0.14111826,0.5657531
0,P_M_67_T_L,0.021946728,0.55648285,-1.0784104,0.021946728,0.12032891,0.55648285
0,P_M_67_R_V,0.0019666553,0.44181815,-1.1232172,0.0019666553,-0.13681567,0.44181815
0,P_M_67_S_A,0.0018573999,0.4782405,-1.1234623,0.0018573999,-0.05513571,0.4782405
0,P_M_67_L_F,0.0017763376,0.45143223,-1.1236441,0.0017763376,-0.11525534,0.45143223
0,P_M_67_S_G,0.001745522,0.36650705,-1.1237131,0.001745522,-0.30570674,0.36650705
0,P_M_67_S_H,0.0016524792,0.23509386,-1.1239219,0.0016524792,-0.6004111,0.23509386
0,P_M_67_K_G,0.0016168952,0.27674523,-1.1240016,0.0016168952,-0.5070047,0.27674523
0,P_M_67_T_G,0.0015567541,0.33944303,-1.1241366,0.0015567541,-0.36639997,0.33944303
0,P_M_67_I_G,0.0015378594,0.29913178,-1.1241789,0.0015378594,-0.4568011,0.29913178
0,P_M_67_G_T,0.0014951229,0.3867677,-1.1242747,0.0014951229,-0.26027068,0.3867677
0,P_M_67_L_G,0.001464963,0.31562528,-1.1243423,0.001464963,-0.4198131,0.31562528
0,P_M_67_V_G,0.0014582276,0.3443637,-1.1243575,0.0014582276,-0.35536495,0.3443637
0,P_M_67_I_A,0.0014151931,0.3899178,-1.124454,0.0014151931,-0.25320628,0.3899178
0,P_M_67_Q_G,0.00133425,0.2788465,-1.1246355,0.00133425,-0.50229245,0.2788465
0,P_M_67_G_G,0.0010718107,0.29594025,-1.125224,0.0010718107,-0.46395832,0.29594025
0,P_M_67_E_G,0.0010564923,0.26537848,-1.1252583,0.0010564923,-0.53249556,0.26537848
0,P_M_67_A_P,0.0010546446,0.24640948,-1.1252625,0.0010546446,-0.575035,0.24640948
0,P_M_67_E_Q,0.0010437965,0.24316624,-1.1252868,0.0010437965,-0.58230823,0.24316624
0,P_M_67_I_D,0.00096827745,0.22733894,-1.1254562,0.00096827745,-0.6178022,0.22733894
0,P_M_67_R_R,0.00096458197,0.15061453,-1.1254644,0.00096458197,-0.7898627,0.15061453
0,P_M_67_G_R,0.0009598732,0.17720357,-1.125475,0.0009598732,-0.7302347,0.17720357
0,P_M_67_V_R,0.00095915794,0.24227777,-1.1254767,0.00095915794,-0.58430064,0.24227777
0,P_M_67_E_W,0.00095641613,0.23872626,-1.1254828,0.00095641613,-0.5922652,0.23872626
0,P_M_67_A_R,0.00095289946,0.23501077,-1.1254907,0.00095289946,-0.6005975,0.23501077
0,P_M_67_S_E,0.00094491243,0.30725306,-1.1255087,0.00094491243,-0.4385885,0.30725306
0,P_M_67_M_S,0.00094240904,0.34819317,-1.1255143,0.00094240904,-0.34677708,0.34819317
0,P_M_67_V_D,0.00093734264,0.2628947,-1.1255256,0.00093734264,-0.5380656,0.2628947
0,P_M_67_D_R,0.00092476606,0.17363438,-1.1255537,0.00092476606,-0.7382389,0.17363438
0,P_M_67_S_V,0.027974337,0.60562354,-1.064893,0.027974337,0.23053086,0.60562354
0,P_M_67_N_L,0.03507206,0.48885638,-1.0489758,0.03507206,-0.031328753,0.48885638
0,L_V_102_A_P,0.0045123696,0.25806388,-1.1175083,0.0045123696,-0.54889905,0.25806388
0,L_V_102_G_P,0.004570037,0.16450313,-1.117379,0.004570037,-0.7587164,0.16450313
0,L_V_102_E_G,0.0061629713,0.20970556,-1.1138067,0.0061629713,-0.6573464,0.20970556
0,L_V_102_F_P,0.006379217,0.48492602,-1.1133218,0.006379217,-0.040142886,0.48492602
0,L_V_102_N_G,0.0066934824,0.19322968,-1.112617,0.0066934824,-0.69429487,0.19322968
0,L_V_102_G_E,0.007197678,0.19167033,-1.1114863,0.007197678,-0.6977919,0.19167033
0,L_V_102_D_L,0.007462859,0.5150715,-1.1108916,0.007462859,0.027460754,0.5150715
0,L_V_102_G_F,0.007468134,0.49154976,-1.1108798,0.007468134,-0.02528859,0.49154976
0,L_V_102_G_R,0.008080184,0.1687854,-1.1095072,0.008080184,-0.74911314,0.1687854
0,L_V_102_I_Q,1.0182395,0.6521734,1.1558545,1.0182395,0.33492258,0.6521734
0,L_V_102_R_G,0.008685052,0.27397192,-1.1081507,0.008685052,-0.51322407,0.27397192
0,L_V_102_G_S,0.009770781,0.3191076,-1.1057159,0.009770781,-0.41200373,0.3191076
0,L_V_102_M_I,0.97197664,0.914274,1.0521065,0.97197664,0.9227038,0.914274
0,L_V_102_I_K,0.96590596,0.49518508,1.0384926,0.96590596,-0.01713612,0.49518508
0,L_V_102_R_I,0.06554142,0.6301988,-0.98064584,0.06554142,0.2856427,0.6301988
0,L_V_102_S_G,0.011464745,0.3006555,-1.101917,0.011464745,-0.45338398,0.3006555
0,L_V_102_W_R,0.061440825,0.3038746,-0.98984176,0.061440825,-0.44616488,0.3038746
0,L_V_102_Q_E,0.059253693,0.22693244,-0.99474657,0.059253693,-0.6187138,0.22693244
0,L_V_102_R_L,0.057573646,0.6005537,-0.99851424,0.057573646,0.21916127,0.6005537
0,L_V_102_A_T,0.055267006,0.52846676,-1.003687,0.055267006,0.057500698,0.52846676
0,L_V_102_G_C,0.012899101,0.47383258,-1.0987004,0.012899101,-0.0650208,0.47383258
0,L_V_102_R_T,0.05323243,0.39886105,-1.0082498,0.05323243,-0.2331503,0.39886105
0,L_V_102_I_A,0.8433337,0.78203136,0.7636147,0.8433337,0.6261392,0.78203136
0,L_V_102_K_G,0.013024658,0.22992444,-1.0984188,0.013024658,-0.612004,0.22992444
0,L_V_102_C_A,0.048668295,0.5951781,-1.0184852,0.048668295,0.20710617,0.5951781
0,L_V_102_Q_R,0.047020823,0.19646388,-1.0221797,0.047020823,-0.68704194,0.19646388
0,L_V_102_S_L,0.04448825,0.7058102,-1.0278592,0.04448825,0.45520726,0.7058102
0,L_V_102_N_W,0.014867663,0.23699135,-1.0942857,0.014867663,-0.5961559,0.23699135
0,L_V_102_A_G,0.014911056,0.38947803,-1.0941885,0.014911056,-0.2541925,0.38947803
0,L_V_102_T_G,0.042392015,0.39829475,-1.0325602,0.042392015,-0.2344203,0.39829475
0,L_V_102_R_A,0.041344017,0.44630632,-1.0349104,0.041344017,-0.12675056,0.44630632
0,L_V_102_G_L,0.015729725,0.6517963,-1.0923525,0.015729725,0.3340768,0.6517963
0,L_V_102_S_P,0.0025750995,0.21158901,-1.1218528,0.0025750995,-0.6531226,0.21158901
0,L_V_102_S_R,0.01760903,0.21859401,-1.088138,0.01760903,-0.6374133,0.21859401
0,L_V_102_S_W,0.01821956,0.30283594,-1.0867689,0.01821956,-0.44849423,0.30283594
0,L_V_102_E_C,0.018265069,0.4616295,-1.0866668,0.018265069,-0.09238711,0.4616295
0,L_V_102_R_W,0.01830557,0.29199556,-1.086576,0.01830557,-0.4728046,0.29199556
0,L_V_102_A_W,0.019869506,0.3696024,-1.0830687,0.019869506,-0.29876512,0.3696024
0,L_V_102_G_A,0.020242184,0.42898571,-1.082233,0.020242184,-0.16559339,0.42898571
0,L_V_102_G_T,0.021851212,0.3871304,-1.0786246,0.021851212,-0.25945723,0.3871304
0,L_V_102_I_G,0.44421697,0.63543725,-0.1314361,0.44421697,0.29739043,0.63543725
0,L_V_102_V_H,0.36430013,0.40792286,-0.31065592,0.36430013,-0.21282849,0.40792286
0,L_V_102_S_S,0.024211794,0.39822775,-1.0733308,0.024211794,-0.2345706,0.39822775
0,L_V_102_H_G,0.0012953281,0.28616285,-1.1247228,0.0012953281,-0.48588488,0.28616285
0,L_V_102_T_Q,0.22711444,0.4193299,-0.6183056,0.22711444,-0.18724728,0.4193299
0,L_V_102_R_K,0.04181403,0.23841685,-1.0338564,0.04181403,-0.5929591,0.23841685
0,L_V_102_Q_S,0.031055748,0.3686118,-1.0579827,0.031055748,-0.30098665,0.3686118
0,L_V_102_Y_R,0.028913766,0.44984272,-1.0627862,0.028913766,-0.11881992,0.44984272
0,L_V_102_R_C,0.034312904,0.45989785,-1.0506783,0.034312904,-0.09627049,0.45989785
0,L_V_102_R_R,0.0344961,0.22379032,-1.0502675,0.0344961,-0.62576026,0.22379032
0,L_V_102_P_I,0.023084223,0.48795146,-1.0758594,0.023084223,-0.033358067,0.48795146
0,L_V_102_A_S,0.036545932,0.4806062,-1.0456705,0.036545932,-0.049830385,0.4806062
0,L_V_102_S_E,0.03698641,0.26443157,-1.0446827,0.03698641,-0.53461903,0.26443157
0,L_V_102_S_I,0.038055986,0.740741,-1.0422841,0.038055986,0.53354245,0.740741
0,L_V_102_S_K,0.017368138,0.23795289,-1.0886782,0.017368138,-0.59399956,0.23795289
0,L_V_102_Y_G,0.012563884,0.55394626,-1.0994521,0.012563884,0.1146405,0.55394626
0,L_V_102_P_E,0.011585325,0.14977634,-1.1016467,0.011585325,-0.7917424,0.14977634
0,L_V_102_S_D,0.10629159,0.19465807,-0.8892604,0.10629159,-0.6910916,0.19465807
0,L_V_102_T_S,0.124266505,0.48014733,-0.8489502,0.124266505,-0.05085943,0.48014733
0,L_V_102_C_G,0.14238924,0.42037544,-0.80830854,0.14238924,-0.18490264,0.42037544
0,L_V_102_V_E,0.4986843,0.5686714,-0.00928888,0.4986843,0.14766273,0.5686714
0,L_V_102_V_R,0.62722254,0.44549966,0.27896827,0.62722254,-0.12855954,0.44549966
0,L_V_102_Q_A,0.16683301,0.49697024,-0.75349146,0.16683301,-0.013132781,0.49697024
0,L_V_102_V_T,0.75433517,0.6889519,0.5640283,0.75433517,0.41740122,0.6889519
0,L_V_102_V_L,0.7778743,0.8663236,0.6168167,0.7778743,0.8151712,0.8663236
0,L_V_102_F_S,0.24549094,0.6594485,-0.5770949,0.24549094,0.3512375,0.6594485
0,L_V_102_C_I,0.2484495,0.77743655,-0.5704601,0.2484495,0.6158351,0.77743655
0,L_V_102_C_S,0.3302781,0.49725944,-0.38695303,0.3302781,-0.01248423,0.49725944
0,L_V_102_T_L,0.38120478,0.7393802,-0.2727459,0.38120478,0.53049064,0.7393802
0,L_V_102_F_T,0.43465024,0.66176283,-0.15289026,0.43465024,0.3564276,0.66176283
0,T_D_114_R_K,1.2374339,1.0078534,1.6474153,1.2374339,1.1325629,1.0078534
0,T_D_114_F_G,1.1316044,0.96055937,1.4100845,1.1316044,1.0265024,0.96055937
0,T_D_114_F_K,1.0095348,0.9621633,1.1363337,1.0095348,1.0300994,0.9621633
0,T_D_114_V_G,1.142153,0.98742706,1.4337403,1.142153,1.0867553,0.98742706
0,T_D_114_Q_R,1.1390703,1.0032351,1.4268273,1.1390703,1.122206,1.0032351
0,T_D_114_G_S,1.1137611,1.0187638,1.3700693,1.1137611,1.1570303,1.0187638
0,T_D_114_E_G,1.0897393,1.0314457,1.3161987,1.0897393,1.1854706,1.0314457
0,T_D_114_S_E,1.0865709,1.0584948,1.3090931,1.0865709,1.2461305,1.0584948
0,T_D_114_M_G,1.083448,0.99554455,1.3020899,1.083448,1.1049595,0.99554455
0,T_D_114_L_G,1.0824223,0.98265046,1.2997894,1.0824223,1.0760434,0.98265046
0,T_D_114_V_A,1.0778251,0.99715257,1.2894801,1.0778251,1.1085656,0.99715257
0,T_D_114_R_S,1.0767679,1.0282612,1.2871091,1.0767679,1.1783291,1.0282612
0,T_D_114_G_E,1.075326,1.0495046,1.2838755,1.075326,1.2259692,1.0495046
0,T_D_114_V_S,1.0670549,1.0027804,1.2653269,1.0670549,1.1211865,1.0027804
0,T_D_114_H_G,1.0659152,1.0085618,1.2627712,1.0659152,1.1341516,1.0085618
0,T_D_114_G_G,1.0610967,1.00101,1.2519653,1.0610967,1.1172159,1.00101
0,T_D_114_G_R,1.054779,0.9908271,1.2377975,1.054779,1.09438,0.9908271
0,T_D_114_E_C,1.0443642,0.9522352,1.2144413,1.0443642,1.0078349,0.9522352
0,T_D_114_V_E,1.0422316,1.028795,1.2096587,1.0422316,1.1795263,1.028795
0,T_D_114_R_R,1.0379053,1.0051886,1.1999568,1.0379053,1.1265869,1.0051886
0,T_D_114_Q_W,1.0376647,0.88180083,1.1994172,1.0376647,0.84988016,0.88180083
0,T_D_114_A_R,1.0324667,1.0005736,1.18776,1.0324667,1.1162375,1.0005736
0,T_D_114_L_R,1.0299602,0.97797084,1.1821393,1.0299602,1.0655489,0.97797084
0,T_D_114_A_G,1.0281669,1.00918,1.1781176,1.0281669,1.1355379,1.00918
0,T_D_114_I_G,1.0261908,0.9772887,1.1736859,1.0261908,1.0640192,0.9772887
0,T_D_114_S_G,1.0243778,1.0152471,1.1696204,1.0243778,1.1491439,1.0152471
0,T_D_114_V_N,1.0217782,0.97741854,1.1637905,1.0217782,1.0643103,0.97741854
0,T_D_114_R_G,1.0205706,1.0150411,1.1610824,1.0205706,1.1486819,1.0150411
0,T_D_114_E_R,1.0200312,1.0171132,1.1598727,1.0200312,1.1533287,1.0171132
0,T_D_114_P_T,0.9963183,0.87108016,1.1066946,0.9963183,0.82583827,0.87108016
0,T_D_114_Y_G,0.9956462,0.9852023,1.1051873,0.9956462,1.0817661,0.9852023
0,T_D_114_Q_G,0.9930331,1.0145142,1.0993273,0.9930331,1.1475002,1.0145142
0,T_D_114_P_G,0.989046,0.853038,1.0903859,0.989046,0.78537726,0.853038
0,T_D_114_G_V,0.988443,0.9560373,1.0890336,0.988443,1.0163612,0.9560373
0,T_D_114_I_R,0.9881829,0.9738233,1.0884503,0.9881829,1.0562478,0.9738233
0,T_D_114_D_K,0.9843979,1.0154365,1.0799621,0.9843979,1.1495687,1.0154365
0,T_D_114_R_V,0.9446711,0.97503936,0.99087167,0.9446711,1.0589749,0.97503936
0,T_D_114_P_L,0.520689,0.8354615,0.040058482,0.520689,0.74596053,0.8354615
0,T_D_114_A_P,0.5519339,0.7016133,0.11012754,0.5519339,0.4457955,0.7016133
0,T_D_114_P_F,0.56172556,0.781532,0.13208617,0.56172556,0.6250194,0.781532
0,T_D_114_N_L,0.56316984,0.9585704,0.135325,0.56316984,1.022042,0.9585704
0,T_D_114_R_P,0.56511307,0.7227371,0.13968296,0.56511307,0.4931672,0.7227371
0,T_D_114_S_I,0.56607974,0.9395505,0.1418508,0.56607974,0.9793883,0.9395505
0,T_D_114_P_V,0.9273455,0.8455727,0.9520178,0.9273455,0.7686357,0.8455727
0,T_D_114_V_L,0.5762851,0.94439495,0.16473708,0.5762851,0.99025244,0.94439495
0,T_D_114_V_V,0.9210644,0.9524083,0.9379317,0.9210644,1.008223,0.9524083
0,T_D_114_W_A,0.7108867,0.9607534,0.46659184,0.7108867,1.0269375,0.9607534
0,T_D_114_R_W,0.77239263,0.894686,0.60452366,0.77239263,0.8787761,0.894686
0,T_D_114_A_L,0.77420765,0.9592022,0.608594,0.77420765,1.0234587,0.9592022
0,T_D_114_I_P,0.77900505,0.68665624,0.61935246,0.77900505,0.4122531,0.68665624
0,T_D_114_W_V,0.7937031,0.9198699,0.65231407,0.7937031,0.93525296,0.9198699
0,T_D_114_L_V,0.8540355,0.94847333,0.7876141,0.8540355,0.9993985,0.94847333
0,T_D_114_L_W,0.3989357,0.86691165,-0.23298292,0.3989357,0.81649,0.86691165
0,T_D_114_S_L,0.46485722,0.9608201,-0.08514875,0.46485722,1.027087,0.9608201
0,R_E_120_A_Q,1.1814326,0.73474526,1.5218279,1.1814326,0.52009654,0.73474526
0,R_E_120_W_G,0.06777781,0.57279974,-0.9756306,0.06777781,0.15692085,0.57279974
0,R_E_120_N_T,0.002563119,0.7386429,-1.1218797,0.002563119,0.52883714,0.7386429
0,R_E_120_E_Q,1.1377379,0.7259996,1.4238391,1.1377379,0.5004837,0.7259996
0,R_E_120_G_V,0.02102685,0.6925096,-1.0804733,0.02102685,0.42537966,0.6925096
0,R_E_120_S_G,1.1186657,0.64847827,1.3810683,1.1186657,0.32663593,0.64847827
0,R_E_120_D_V,0.023815036,0.63269395,-1.0742205,0.023815036,0.2912384,0.63269395
0,R_E_120_S_Q,1.1118639,0.73531437,1.3658144,1.1118639,0.5213728,0.73531437
0,R_E_120_G_G,1.0786808,0.5747186,1.2913989,1.0786808,0.16122401,0.5747186
0,R_E_120_D_L,0.0855982,0.6237676,-0.9356669,0.0855982,0.2712204,0.6237676
0,R_E_120_A_G,1.0592849,0.6482167,1.2479022,1.0592849,0.32604942,0.6482167
0,R_E_120_G_Q,1.0468966,0.67713535,1.2201203,1.0468966,0.39090177,0.67713535
0,R_E_120_E_G,1.0351343,0.6287675,1.1937426,1.0351343,0.282433,0.6287675
0,R_E_120_W_R,0.105606884,0.6445416,-0.8907959,0.105606884,0.31780773,0.6445416
0,R_E_120_S_K,0.5007092,0.719818,-0.0047479197,0.5007092,0.48662093,0.719818
0,R_E_120_S_P,0.0027903318,0.2871134,-1.1213701,0.0027903318,-0.48375323,0.2871134
0,R_E_120_T_G,0.5720263,0.6632391,0.15518638,0.5720263,0.35973838,0.6632391
0,R_E_120_V_Q,0.5806943,0.7425812,0.17462502,0.5806943,0.5376692,0.7425812
0,R_E_120_S_S,0.91958827,0.74813145,0.93462145,0.91958827,0.550116,0.74813145
0,R_E_120_G_T,0.9174954,0.69259304,0.9299281,0.9174954,0.42556676,0.69259304
0,R_E_120_A_K,0.63969743,0.7320685,0.30694416,0.63969743,0.5140936,0.7320685
0,R_E_120_D_G,0.6442493,0.51466876,0.3171521,0.6442493,0.026557557,0.51466876
0,R_E_120_G_R,0.6628088,0.65797865,0.35877323,0.6628088,0.3479413,0.65797865
0,R_E_120_V_G,0.17583019,0.6717911,-0.73331463,0.17583019,0.37891677,0.6717911
0,R_E_120_G_K,0.8815855,0.67725295,0.8493971,0.8815855,0.39116547,0.67725295
0,R_E_120_D_R,0.44702283,0.6108826,-0.12514375,0.44702283,0.24232462,0.6108826
0,R_E_120_L_S,0.46970275,0.7572923,-0.074282266,0.46970275,0.57066,0.7572923
0,H_V_158_S_E,1.2533543,0.7205032,1.6831181,1.2533543,0.48815754,0.7205032
0,H_V_158_V_T,1.1493168,0.8659916,1.4498059,1.1493168,0.8144268,0.8659916
0,H_V_158_R_Y,1.1346635,0.7918894,1.4169445,1.1346635,0.64824677,0.7918894
0,H_V_158_T_C,1.0858905,0.8686985,1.3075672,1.0858905,0.8204971,0.8686985
0,H_V_158_F_H,1.0690982,0.6822029,1.2699091,1.0690982,0.40226603,0.6822029
0,H_V_158_R_T,1.0659412,0.90272284,1.2628294,1.0659412,0.89679945,0.90272284
0,H_V_158_T_H,1.0405061,0.6712395,1.2057894,1.0405061,0.37767985,0.6712395
0,H_V_158_A_F,1.0307083,0.80947125,1.1838169,1.0307083,0.6876753,0.80947125
0,H_V_158_N_C,1.023531,0.8765341,1.167721,1.023531,0.838069,0.8765341
0,H_V_158_P_H,1.0211824,0.5131295,1.1624544,1.0211824,0.023105629,0.5131295
0,H_V_158_N_W,0.9951585,0.733716,1.1040937,0.9951585,0.51778835,0.733716
0,H_V_158_L_Y,0.99365985,0.76544976,1.1007328,0.99365985,0.5889538,0.76544976
0,H_V_158_C_F,0.9927058,0.76621807,1.0985932,0.9927058,0.5906768,0.76621807
0,H_V_158_R_W,0.98882735,0.76554084,1.0898956,0.98882735,0.589158,0.76554084
0,H_V_158_R_M,0.98193425,1.0041218,1.0744373,0.98193425,1.1241946,1.0041218
0,H_V_158_V_F,0.96627706,0.8027266,1.0393248,0.96627706,0.6725501,0.8027266
0,H_V_158_L_M,0.9308337,0.97372794,0.9598402,0.9308337,1.0560338,0.97372794
0,H_V_158_G_H,0.8746432,0.62781,0.8338287,0.8746432,0.28028575,0.62781
0,H_V_158_P_C,0.835074,0.63151324,0.74509156,0.835074,0.28859052,0.63151324
0,H_V_158_E_C,0.8210392,0.8768959,0.71361744,0.8210392,0.8388805,0.8768959
0,H_V_158_P_W,0.8134996,0.55029964,0.69670933,0.8134996,0.10646271,0.55029964
0,H_V_158_G_W,0.7748021,0.6835273,0.60992706,0.7748021,0.40523612,0.6835273
0,H_V_158_V_M,0.7372755,0.9746562,0.5257706,0.7372755,1.0581157,0.9746562
0,H_V_158_V_C,0.7271467,0.8651226,0.50305605,0.7271467,0.81247795,0.8651226
0,H_V_158_G_C,0.70733476,0.8307638,0.45862618,0.70733476,0.7354257,0.8307638
0,H_V_158_S_P,0.016869903,0.41728774,-1.0897956,0.016869903,-0.19182703,0.41728774
0,H_V_158_E_I,1.1278298,0.9833739,1.4016196,1.1278298,1.0776657,0.9833739
0,H_V_158_P_P,0.0021049976,0.29752055,-1.122907,0.0021049976,-0.46041438,0.29752055
0,H_V_158_L_P,0.024248749,0.46859804,-1.0732479,0.024248749,-0.07675964,0.46859804
0,H_V_158_P_T,0.30120224,0.6362871,-0.45215788,0.30120224,0.29929623,0.6362871
0,H_V_158_Y_L,0.025134414,0.9660641,-1.0712618,0.025134414,1.0388471,0.9660641
0,H_V_158_Y_P,0.026955634,0.53818846,-1.0671775,0.026955634,0.07930229,0.53818846
0,H_V_158_V_P,0.031553954,0.46811932,-1.0568655,0.031553954,-0.07783319,0.46811932
0,H_V_158_Q_L,0.033556372,0.9702313,-1.0523748,0.033556372,1.0481925,0.9702313
0,H_V_158_G_L,0.034033835,0.94305,-1.0513041,0.034033835,0.9872363,0.94305
0,H_V_158_Q_P,0.035428256,0.4263865,-1.048177,0.035428256,-0.17142233,0.4263865
0,H_V_158_R_E,1.0803039,0.8053101,1.2950388,1.0803039,0.6783436,0.8053101
0,H_V_158_G_P,0.03981161,0.38148296,-1.038347,0.03981161,-0.27212209,0.38148296
0,H_V_158_R_I,1.0711482,0.9914091,1.2745064,1.0711482,1.0956854,0.9914091
0,H_V_158_V_D,1.0656135,0.5420563,1.2620947,1.0656135,0.0879764,0.5420563
0,H_V_158_V_R,1.0641298,0.7218969,1.2587674,1.0641298,0.49128297,0.7218969
0,H_V_158_C_E,1.0544896,0.66931033,1.2371482,1.0544896,0.37335354,0.66931033
0,H_V_158_M_R,1.053565,0.7287885,1.2350749,1.053565,0.506738,0.7287885
0,H_V_158_A_I,1.0534495,0.966733,1.2348158,1.0534495,1.0403471,0.966733
0,H_V_158_L_E,1.0475564,0.7579019,1.2216,1.0475564,0.57202715,0.7579019
0,H_V_158_L_R,1.0437791,0.71913296,1.2131292,1.0437791,0.48508462,0.71913296
0,H_V_158_I_S,1.0434821,0.8291257,1.2124631,1.0434821,0.73175204,0.8291257
0,H_V_158_T_R,1.0395272,0.71081185,1.203594,1.0395272,0.46642396,0.71081185
0,H_V_158_D_G,1.0391912,0.7523731,1.2028406,1.0391912,0.5596283,0.7523731
0,H_V_158_I_I,1.0333731,0.9605904,1.1897931,1.0333731,1.026572,0.9605904
0,H_V_158_L_D,1.0229033,0.5420778,1.1663136,1.0229033,0.088024504,0.5420778
0,H_V_158_D_R,1.0196335,0.7108382,1.158981,1.0196335,0.46648303,0.7108382
0,H_V_158_W_R,1.0170269,0.71769285,1.1531354,1.0170269,0.48185506,0.71769285
0,H_V_158_R_R,1.0141709,0.763117,1.1467304,1.0141709,0.58372235,0.763117
0,H_V_158_N_G,1.0111376,0.7824105,1.1399281,1.0111376,0.62698954,0.7824105
0,H_V_158_N_R,1.0096631,0.72161233,1.1366215,1.0096631,0.49064484,0.72161233
0,H_V_158_R_K,1.004251,0.7893534,1.1244842,1.004251,0.6425595,0.7893534
0,H_V_158_Y_R,1.0019575,0.733019,1.119341,1.0019575,0.51622516,0.733019
0,H_V_158_V_Q,0.9903232,0.8568903,1.09325,0.9903232,0.7940163,0.8568903
0,H_V_158_N_L,0.98885036,0.9673997,1.0899471,0.98885036,1.0418423,0.9673997
0,H_V_158_G_A,0.98572534,0.84933853,1.082939,0.98572534,0.7770809,0.84933853
0,H_V_158_S_R,0.9818727,0.68664205,1.0742992,0.9818727,0.41222125,0.68664205
0,H_V_158_E_E,0.98146105,0.7640377,1.0733759,0.98146105,0.5857872,0.7640377
0,H_V_158_V_S,0.98145545,0.8346336,1.0733634,0.98145545,0.7441039,0.8346336
0,H_V_158_R_A,0.972201,0.92248356,1.0526096,0.972201,0.94111437,0.92248356
0,H_V_158_P_R,0.9692476,0.51202554,1.0459864,0.9692476,0.020629987,0.51202554
0,H_V_158_V_A,0.95733804,0.8836858,1.0192783,0.95733804,0.8541073,0.8836858
0,H_V_158_C_S,0.9485551,0.7607502,0.9995818,0.9485551,0.5784146,0.7607502
0,H_V_158_G_G,0.53259754,0.6991976,0.06676429,0.53259754,0.44037804,0.6991976
0,H_V_158_T_G,0.93466514,0.76821077,0.96843255,0.93466514,0.5951456,0.76821077
0,H_V_158_M_L,0.5573559,0.9651487,0.12228678,0.5573559,1.0367942,0.9651487
0,H_V_158_A_L,0.59389067,0.9585449,0.20421894,0.59389067,1.0219848,0.9585449
0,H_V_158_L_L,0.6207361,0.9536312,0.26442194,0.6207361,1.0109655,0.9536312
0,H_V_158_T_A,0.91728365,0.88937426,0.92945313,0.91728365,0.8668642,0.88937426
0,H_V_158_V_G,0.6320595,0.7742323,0.2898156,0.6320595,0.6086493,0.7742323
0,H_V_158_A_R,0.914544,0.7453884,0.92330927,0.914544,0.54396456,0.7453884
0,H_V_158_P_G,0.64518195,0.47565818,0.31924364,0.64518195,-0.060926706,0.47565818
0,H_V_158_P_D,0.654377,0.3283427,0.33986428,0.654377,-0.39129326,0.3283427
0,H_V_158_I_G,0.67723995,0.76721466,0.3911363,0.67723995,0.59291166,0.76721466
0,H_V_158_T_D,0.7343487,0.5164045,0.5192072,0.7343487,0.030450098,0.5164045
0,H_V_158_R_G,0.7373042,0.8190352,0.5258351,0.7373042,0.7091233,0.8190352
0,H_V_158_P_A,0.7859805,0.6274187,0.6349956,0.7859805,0.27940822,0.6274187
0,H_V_158_S_G,0.81913304,0.7410475,0.7093428,0.81913304,0.5342297,0.7410475
0,H_V_158_C_N,0.89465535,0.6125567,0.87870735,0.89465535,0.24607891,0.6125567
0,H_V_158_W_G,0.8932519,0.76197034,0.87556016,0.8932519,0.5811508,0.76197034
0,H_V_158_L_I,0.8931278,0.962897,0.8752817,0.8931278,1.0317447,0.962897
0,H_V_158_W_E,0.8929465,0.7484749,0.8748751,0.8929465,0.5508862,0.7484749
0,H_V_158_E_G,0.85882473,0.775679,0.7983545,0.85882473,0.61189365,0.775679
0,H_V_158_G_E,0.86409545,0.67953056,0.8101744,0.86409545,0.39627317,0.67953056
0,H_V_158_L_G,0.8891156,0.7732073,0.86628413,0.8891156,0.6063507,0.7732073
0,H_V_158_R_L,0.8847961,0.9831864,0.85659724,0.8847961,1.0772454,0.9831864
0,H_V_158_C_A,0.8845061,0.8205397,0.8559469,0.8845061,0.7124973,0.8205397
0,A_L_224_G_E,0.010422766,0.71716744,-1.1042538,0.010422766,0.4806768,0.71716744
0,A_L_224_S_E,0.011389971,0.81222725,-1.1020848,0.011389971,0.6938558,0.81222725
0,A_L_224_I_T,1.0968215,0.8535415,1.3320811,1.0968215,0.7865063,0.8535415
0,A_L_224_V_Q,0.5406817,0.8777933,0.084893666,0.5406817,0.84089303,0.8777933
0,A_L_224_H_S,0.15440488,0.8144285,-0.78136253,0.15440488,0.6987924,0.8144285
0,A_L_224_G_I,0.68163925,0.9759818,0.40100205,0.68163925,1.0610883,0.9759818
0,A_L_224_G_C,0.28687003,0.8325653,-0.484299,0.28687003,0.73946565,0.8325653
0,D_G_254_L_V,0.061773628,0.6943501,-0.9890954,0.061773628,0.42950717,0.6943501
0,D_G_254_I_L,0.056551248,0.63761604,-1.000807,0.056551248,0.30227646,0.63761604
0,D_G_254_P_I,0.048437476,0.5051751,-1.0190028,0.048437476,0.005267285,0.5051751
0,D_G_254_I_F,0.047401965,0.45801586,-1.021325,0.047401965,-0.10049099,0.45801586
0,D_G_254_I_V,0.020726025,0.6859092,-1.0811479,0.020726025,0.41057777,0.6859092
0,D_G_254_V_V,0.029850423,0.7005979,-1.0606858,0.029850423,0.44351825,0.7005979
0,D_G_254_G_I,1.0601182,0.5857641,1.2497709,1.0601182,0.18599445,0.5857641
0,D_G_254_N_R,0.9683951,0.7068118,1.0440747,0.9683951,0.4574534,0.7068118
0,D_G_254_S_L,0.47221518,0.6438736,-0.06864794,0.47221518,0.31630954,0.6438736
0,D_G_254_H_T,0.5055075,0.8439187,0.0060128043,0.5055075,0.7649265,0.8439187
0,D_G_254_R_L,0.5121752,0.67758316,0.020965604,0.5121752,0.39190593,0.67758316
0,D_G_254_P_K,0.52168936,0.60783005,0.042301822,0.52168936,0.23547915,0.60783005
0,D_G_254_C_C,0.53576803,0.653371,0.07387434,0.53576803,0.3376082,0.653371
0,D_G_254_F_S,0.5472934,0.84074414,0.09972101,0.5472934,0.7578072,0.84074414
0,D_G_254_S_T,0.5487644,0.8398319,0.1030198,0.5487644,0.7557615,0.8398319
0,D_G_254_T_S,0.5767416,0.8919245,0.16576068,0.5767416,0.87258327,0.8919245
0,D_G_254_G_W,0.57941157,0.4517966,0.17174838,0.57941157,-0.11443825,0.4517966
0,D_G_254_H_D,0.9135637,0.77712035,0.9211109,0.9135637,0.6151259,0.77712035
0,D_G_254_K_C,0.6559844,0.73145103,0.343469,0.6559844,0.51270896,0.73145103
0,D_G_254_S_R,0.8090254,0.6960626,0.6866756,0.8090254,0.4333476,0.6960626
0,D_G_254_G_V,0.8269317,0.6754978,0.7268319,0.8269317,0.3872293,0.6754978
0,D_G_254_I_E,0.21671608,0.7918354,-0.64162475,0.21671608,0.6481257,0.7918354
0,D_G_254_A_I,0.23184311,0.6376014,-0.6077012,0.23184311,0.3022436,0.6376014
0,D_G_254_M_F,0.24226245,0.46548504,-0.584335,0.24226245,-0.08374076,0.46548504
0,D_G_254_I_A,0.2493045,0.8122622,-0.56854266,0.2493045,0.69393426,0.8122622
0,D_G_254_V_C,0.27753466,0.70793253,-0.5052343,0.27753466,0.4599668,0.70793253
0,D_G_254_V_R,0.34062958,0.7049975,-0.36373898,0.34062958,0.45338467,0.7049975
0,D_G_254_M_L,0.34995097,0.6509398,-0.34283504,0.34995097,0.3321561,0.6509398
0,D_G_254_P_M,0.35497394,0.5943551,-0.33157063,0.35497394,0.20526043,0.5943551
0,D_G_254_V_A,0.3564603,0.829728,-0.32823735,0.3564603,0.7331028,0.829728
0,D_G_254_C_L,0.3956887,0.60429376,-0.24026455,0.3956887,0.22754866,0.60429376
0,D_G_254_I_D,0.44113812,0.7518083,-0.1383407,0.44113812,0.5583617,0.7518083
0,D_G_254_S_P,0.4492464,0.3886721,-0.120157175,0.4492464,-0.25599986,0.3886721
0,D_G_254_Q_L,0.46018147,0.6571287,-0.09563445,0.46018147,0.34603527,0.6571287
0,G_K_255_R_V,0.003075689,0.7010693,-1.1207302,0.003075689,0.44457546,0.7010693
0,G_K_255_D_R,1.028448,0.7999028,1.1787479,1.028448,0.66621727,0.7999028
0,G_K_255_V_D,0.105736196,0.6838664,-0.8905059,0.105736196,0.4059966,0.6838664
0,G_K_255_R_I,1.0047123,0.6938162,1.125519,1.0047123,0.4283097,0.6938162
0,G_K_255_R_T,1.0004919,0.6897828,1.1160542,1.0004919,0.41926458,0.6897828
0,G_K_255_R_R,0.9968091,0.7363043,1.1077954,0.9968091,0.5235927,0.7363043
0,G_K_255_D_H,0.9884783,0.7776948,1.0891129,0.9884783,0.61641425,0.7776948
0,G_K_255_T_W,0.48586422,0.8101977,-0.038038883,0.48586422,0.68930453,0.8101977
0,G_K_255_C_L,0.4861315,0.7083207,-0.03743952,0.4861315,0.46083727,0.7083207
0,G_K_255_L_A,0.49399245,0.64597577,-0.019810706,0.49399245,0.3210239,0.64597577
0,G_K_255_E_W,0.49715066,0.78692526,-0.012728146,0.49715066,0.6371142,0.78692526
0,G_K_255_Q_L,0.50077397,0.7851315,-0.0046026404,0.50077397,0.6330916,0.7851315
0,G_K_255_C_S,0.5090029,0.67904663,0.013851465,0.5090029,0.39518797,0.67904663
0,G_K_255_W_R,0.51582074,0.5200041,0.029141013,0.51582074,0.038522534,0.5200041
0,G_K_255_L_V,0.5193559,0.6489439,0.037068795,0.5193559,0.32768008,0.6489439
0,G_K_255_S_W,0.5422958,0.8557584,0.088513434,0.5422958,0.7914781,0.8557584
0,G_K_255_T_G,0.54239964,0.79950166,0.088746205,0.54239964,0.6653178,0.79950166
0,G_K_255_V_R,0.545635,0.72679603,0.09600172,0.545635,0.5022697,0.72679603
0,G_K_255_R_P,0.5559723,0.49930122,0.11918392,0.5559723,-0.007905312,0.49930122
0,G_K_255_R_G,0.5582067,0.6481285,0.12419485,0.5582067,0.32585165,0.6481285
0,G_K_255_T_A,0.5676861,0.84417164,0.14545305,0.5676861,0.7654937,0.84417164
0,G_K_255_K_E,0.92596406,0.74272895,0.94891965,0.92596406,0.53800046,0.74272895
0,G_K_255_E_G,0.5750165,0.765728,0.16189218,0.5750165,0.5895776,0.765728
0,G_K_255_A_W,0.5763312,0.806622,0.16484043,0.5763312,0.6812858,0.806622
0,G_K_255_Q_G,0.58043003,0.7311024,0.17403243,0.58043003,0.51192707,0.7311024
0,G_K_255_R_L,0.58314013,0.6983803,0.18010998,0.58314013,0.43854514,0.6983803
0,G_K_255_N_W,0.5901153,0.7302549,0.19575234,0.5901153,0.5100264,0.7302549
0,G_K_255_S_I,0.5998934,0.87957966,0.21768048,0.5998934,0.844899,0.87957966
0,G_K_255_R_C,0.6097454,0.6411256,0.23977436,0.6097454,0.31014702,0.6411256
0,G_K_255_L_R,0.6404977,0.6782619,0.30873877,0.6404977,0.39342806,0.6782619
0,G_K_255_A_G,0.64867413,0.79562396,0.32707515,0.64867413,0.65662175,0.79562396
0,G_K_255_D_G,0.65035,0.7188498,0.33083344,0.65035,0.48444954,0.7188498
0,G_K_255_R_Q,0.67072296,0.71522975,0.37652147,0.67072296,0.47633138,0.71522975
0,G_K_255_A_F,0.68164283,0.8287742,0.4010101,0.68164283,0.7309637,0.8287742
0,G_K_255_Q_E,0.70340604,0.800547,0.44981575,0.70340604,0.6676621,0.800547
0,G_K_255_R_F,0.7038677,0.69648176,0.45085105,0.7038677,0.43428752,0.69648176
0,G_K_255_D_A,0.7042384,0.7851825,0.4516824,0.7042384,0.63320595,0.7851825
0,G_K_255_M_A,0.7222066,0.72129506,0.4919775,0.7222066,0.48993328,0.72129506
0,G_K_255_A_M,0.7276383,0.8469857,0.50415856,0.7276383,0.77180445,0.8469857
0,G_K_255_D_V,0.7727664,0.764927,0.6053619,0.7727664,0.5877814,0.764927
0,G_K_255_Q_A,0.7968495,0.7925307,0.65937,0.7968495,0.6496849,0.7925307
0,G_K_255_S_S,0.8500736,0.8826276,0.7787292,0.8500736,0.8517342,0.8826276
0,G_K_255_S_A,0.8520779,0.8962928,0.78322417,0.8520779,0.8823795,0.8962928
0,G_K_255_A_T,0.8841882,0.8350547,0.85523397,0.8841882,0.7450483,0.8350547
0,G_K_255_I_G,0.24663252,0.55579233,-0.57453483,0.24663252,0.11878041,0.55579233
0,G_K_255_Y_W,0.26577777,0.49149102,-0.5316001,0.26577777,-0.02542035,0.49149102
0,G_K_255_W_G,0.271185,0.41664654,-0.5194739,0.271185,-0.19326493,0.41664654
0,G_K_255_V_C,0.27464455,0.6430532,-0.5117156,0.27464455,0.31446975,0.6430532
0,G_K_255_I_S,0.29835135,0.5829467,-0.45855123,0.29835135,0.17967626,0.5829467
0,G_K_255_V_M,0.30647194,0.70484203,-0.44034022,0.30647194,0.4530361,0.70484203
0,G_K_255_P_G,0.3192719,0.32334596,-0.41163528,0.3192719,-0.40249884,0.32334596
0,G_K_255_I_N,0.33328968,0.6120424,-0.38019928,0.33328968,0.24492562,0.6120424
0,G_K_255_Y_G,0.34291953,0.44665423,-0.35860363,0.34291953,-0.12597036,0.44665423
0,G_K_255_V_P,0.34458506,0.5052417,-0.35486847,0.34458506,0.0054166466,0.5052417
0,G_K_255_V_S,0.34683472,0.6743034,-0.3498235,0.34683472,0.38455087,0.6743034
0,G_K_255_F_Y,0.3613205,0.48706123,-0.31733802,0.3613205,-0.03535446,0.48706123
0,G_K_255_C_G,0.3688196,0.64598244,-0.3005207,0.3688196,0.32103884,0.64598244
0,G_K_255_V_V,0.36905044,0.6984546,-0.30000293,0.36905044,0.4387119,0.6984546
0,G_K_255_V_W,0.37125522,0.68224823,-0.2950586,0.37125522,0.40236768,0.68224823
0,G_K_255_A_P,0.37755716,0.57614356,-0.28092602,0.37755716,0.16441971,0.57614356
0,G_K_255_P_Q,0.38232222,0.37125358,-0.27023998,0.38232222,-0.29506224,0.37125358
0,G_K_255_W_E,0.3851921,0.47887024,-0.26380402,0.3851921,-0.053723417,0.47887024
0,G_K_255_P_L,0.39008388,0.4037507,-0.25283384,0.39008388,-0.22218496,0.4037507
0,G_K_255_L_G,0.40747172,0.59262085,-0.21384026,0.40747172,0.20137122,0.59262085
0,G_K_255_V_Q,0.4243495,0.7044531,-0.1759905,0.4243495,0.4521639,0.7044531
0,G_K_255_V_E,0.43546417,0.70321774,-0.15106496,0.43546417,0.44939348,0.70321774
0,G_K_255_S_P,0.43639916,0.63230705,-0.14896815,0.43639916,0.29037064,0.63230705
0,G_K_255_V_G,0.45272633,0.64999855,-0.11235319,0.45272633,0.3300452,0.64999855
