Single,Code,Fitness,baseline_score,target_normalized,target_original,prediction_normalized,prediction_original
1,T_140_E,1.2652652,0.53725404,1.6477118,1.2652652,0.02401267,0.53725404
1,A_284_V,1.1235085,0.67689025,1.3315483,1.1235085,0.33544624,0.67689025
1,R_43_Q,0.7685361,0.5970137,0.53984594,0.7685361,0.157296,0.5970137
1,I_247_Y,0.006899178,0.35389832,-1.1588492,0.006899178,-0.38492957,0.35389832
1,G_228_H,0.8980912,0.4006125,0.82879555,0.8980912,-0.28074193,0.4006125
1,A_232_V,0.2592795,0.67689025,-0.59596,0.2592795,0.33544624,0.67689025
1,K_73_R,0.0019399524,0.9331932,-1.16991,0.0019399524,0.9070844,0.9331932
1,L_75_N,0.1505183,0.20500767,-0.8385324,0.1505183,-0.7170036,0.20500767
1,F_230_S,0.39712825,0.38647103,-0.28851292,0.39712825,-0.31228194,0.38647103
1,S_124_Y,1.1148889,0.45789477,1.312324,1.1148889,-0.15298402,0.45789477
1,V_216_Y,0.17938074,0.34511247,-0.7741599,0.17938074,-0.40452483,0.34511247
1,D_157_T,0.0021775365,0.5555486,-1.1693801,0.0021775365,0.06481541,0.5555486
1,P_67_I,0.04587981,0.46439517,-1.0719099,0.04587981,-0.13848609,0.46439517
1,V_262_F,0.01055944,0.4829018,-1.1506857,0.01055944,-0.09721028,0.4829018
1,T_266_W,0.48903543,0.32379782,-0.08353036,0.48903543,-0.45206338,0.32379782
1,R_65_G,0.06571862,0.400281,-1.027663,0.06571862,-0.28148127,0.400281
1,P_219_Y,0.44682378,0.3428641,-0.1776759,0.44682378,-0.40953946,0.3428641
1,A_232_F,0.016337216,0.49269912,-1.1377994,0.016337216,-0.07535916,0.49269912
1,A_248_F,0.026330173,0.49269912,-1.1155119,0.026330173,-0.07535916,0.49269912
1,G_228_K,0.83626777,0.42417562,0.69090945,0.83626777,-0.2281886,0.42417562
1,F_60_L,0.8581935,0.54731464,0.7398109,0.8581935,0.04645104,0.54731464
1,A_185_V,1.0154117,0.67689025,1.0904582,1.0154117,0.33544624,0.67689025
1,F_72_V,0.78834546,0.49128148,0.5840273,0.78834546,-0.07852092,0.49128148
1,G_41_N,1.1115909,0.3291132,1.3049685,1.1115909,-0.44020835,0.3291132
1,L_148_E,0.005035341,0.1424677,-1.1630062,0.005035341,-0.8564878,0.1424677
1,N_132_I,0.0018938184,0.5384031,-1.1700128,0.0018938184,0.026575454,0.5384031
1,E_177_G,0.79005766,0.81002057,0.58784604,0.79005766,0.63236964,0.81002057
1,R_83_M,0.56175417,0.5964053,0.07865586,0.56175417,0.15593898,0.5964053
1,E_171_S,1.1365632,0.91233146,1.3606647,1.1365632,0.86055595,0.91233146
1,C_123_D,0.00090676546,-0.07959443,-1.1722143,0.00090676546,-1.3517578,-0.07959443
1,E_89_L,0.88323784,0.7459465,0.79566777,0.88323784,0.48946404,0.7459465
1,V_159_G,0.7147378,0.300405,0.4198584,0.7147378,-0.5042369,0.300405
1,R_161_E,0.26185897,0.46128264,-0.5902069,0.26185897,-0.145428,0.46128264
1,Y_105_C,0.15500471,0.23984137,-0.82852626,0.15500471,-0.6393132,0.23984137
1,L_91_I,0.39292037,0.84479356,-0.29789785,0.39292037,0.70992464,0.84479356
1,L_75_Q,0.17813313,0.24536508,-0.77694243,0.17813313,-0.6269936,0.24536508
1,L_139_Y,0.7082771,0.3265841,0.40544915,0.7082771,-0.44584903,0.3265841
1,D_157_N,0.24497625,0.5801655,-0.6278608,0.24497625,0.119719066,0.5801655
1,L_198_I,1.3294854,0.84479356,1.7909433,1.3294854,0.70992464,0.84479356
1,I_247_S,0.038517416,0.31950057,-1.0883304,0.038517416,-0.4616476,0.31950057
1,E_171_Y,0.88003325,0.63553536,0.78852046,0.88003325,0.24321157,0.63553536
1,K_146_Y,1.0175883,0.7759323,1.0953124,1.0175883,0.55634195,0.7759323
1,M_68_C,0.4455638,0.56926954,-0.1804861,0.4455638,0.09541751,0.56926954
1,E_121_Y,0.031642616,0.63553536,-1.1036634,0.031642616,0.24321157,0.63553536
1,A_248_C,0.8514601,0.72864246,0.72479326,0.8514601,0.45087034,0.72864246
1,E_281_L,0.90068334,0.7459465,0.83457685,0.90068334,0.48946404,0.7459465
1,R_164_F,0.038361132,0.42961386,-1.088679,0.038361132,-0.21605957,0.42961386
1,E_121_G,0.815361,0.81002057,0.6442806,0.815361,0.63236964,0.81002057
1,H_96_L,1.0482703,0.8809836,1.1637434,1.0482703,0.7906402,0.8809836
1,H_289_T,1.280806,0.9757026,1.6823725,1.280806,1.0018939,0.9757026
1,R_178_K,1.1747036,0.7110801,1.4457303,1.1747036,0.41170055,0.7110801
1,E_37_Y,0.0064834356,0.63553536,-1.1597764,0.0064834356,0.24321157,0.63553536
1,R_164_P,0.002609551,0.10715988,-1.1684165,0.002609551,-0.9352356,0.10715988
1,R_204_Y,0.16414139,0.43379882,-0.80814856,0.16414139,-0.20672578,0.43379882
1,L_49_A,0.55796826,0.35260242,0.070211954,0.55796826,-0.38781983,0.35260242
1,R_191_L,0.76110154,0.4754458,0.5232646,0.76110154,-0.11383962,0.4754458
1,D_163_H,0.3589809,0.5133668,-0.37359384,0.3589809,-0.029263474,0.5133668
1,T_271_K,0.9825024,0.49702752,1.0170597,0.9825024,-0.065705426,0.49702752
1,D_176_R,0.037435442,0.49581867,-1.0907435,0.037435442,-0.06840152,0.49581867
1,G_87_M,0.5578085,0.28964958,0.06985576,0.5578085,-0.52822495,0.28964958
1,P_167_M,0.36279887,0.4505865,-0.36507848,0.36279887,-0.16928387,0.4505865
1,R_191_C,0.9666797,0.4421957,0.98177,0.9666797,-0.18799803,0.4421957
1,S_98_I,0.8298795,0.4132698,0.6766617,0.8298795,-0.2525121,0.4132698
1,T_188_K,1.0254833,0.49702752,1.1129208,1.0254833,-0.065705426,0.49702752
1,N_132_H,0.001373589,0.80878305,-1.1711731,0.001373589,0.6296096,0.80878305
1,L_169_S,0.28929913,0.27564183,-0.52900654,0.28929913,-0.5594667,0.27564183
1,F_60_T,0.5477718,0.33697674,0.047470625,0.5477718,-0.42267013,0.33697674
1,Y_97_F,1.1445972,0.5886571,1.3785831,1.1445972,0.13865802,0.5886571
1,L_198_R,1.3258338,0.13472936,1.782799,1.3258338,-0.8737469,0.13472936
1,G_54_V,0.073838204,0.28604984,-1.0095537,0.073838204,-0.53625345,0.28604984
1,S_223_H,0.9592999,0.6876854,0.96531075,0.9592999,0.35952294,0.6876854
1,T_181_Y,0.0008314848,0.41662025,-1.1723821,0.0008314848,-0.24503946,0.41662025
1,E_48_D,0.42909676,0.8271748,-0.21721289,0.42909676,0.67062914,0.8271748
1,G_245_W,0.0008314848,0.18529817,-1.1723821,0.0008314848,-0.7609621,0.18529817
1,Y_46_H,0.048734546,0.16591132,-1.0655429,0.048734546,-0.804201,0.16591132
1,L_250_Q,0.005467713,0.24536508,-1.1620419,0.005467713,-0.6269936,0.24536508
1,P_226_E,0.2955252,0.51417994,-0.51512045,0.2955252,-0.027449958,0.51417994
1,S_59_M,1.0494242,0.5421213,1.1663166,1.0494242,0.03486813,0.5421213
1,R_83_L,0.65339935,0.4754458,0.283054,0.65339935,-0.11383962,0.4754458
1,L_102_N,0.030564755,0.20500767,-1.1060674,0.030564755,-0.7170036,0.20500767
1,W_165_G,0.6597589,0.14166164,0.29723796,0.6597589,-0.8582856,0.14166164
1,R_93_W,0.09064078,0.34858778,-0.97207856,0.09064078,-0.3967738,0.34858778
1,M_186_E,0.0020831823,0.42634523,-1.1695905,0.0020831823,-0.22334969,0.42634523
1,S_106_G,0.28325492,0.5882386,-0.5424871,0.28325492,0.13772467,0.5882386
1,C_77_K,0.00090676546,0.05132839,-1.1722143,0.00090676546,-1.0597578,0.05132839
1,A_172_P,0.54670554,0.22067845,0.045092523,0.54670554,-0.68205273,0.22067845
1,G_238_F,0.0047577024,0.1830002,-1.1636254,0.0047577024,-0.7660873,0.1830002
1,F_151_S,0.3723507,0.38647103,-0.34377488,0.3723507,-0.31228194,0.38647103
1,R_275_G,0.45141238,0.400281,-0.16744186,0.45141238,-0.28148127,0.400281
1,G_251_T,0.0022460818,0.5042252,-1.1692271,0.0022460818,-0.049652316,0.5042252
1,F_230_I,0.46102118,0.54941,-0.14601117,0.46102118,0.051124282,0.54941
1,T_133_A,0.8160825,0.7118702,0.64588976,0.8160825,0.41346282,0.7118702
1,P_252_L,0.2622848,0.5303454,-0.58925724,0.2622848,0.008604176,0.5303454
1,G_116_Q,0.05321628,0.46523643,-1.0555472,0.05321628,-0.13660976,0.46523643
1,E_104_D,1.3758459,0.8271748,1.8943422,1.3758459,0.67062914,0.8271748
1,A_184_L,1.4095981,0.57120204,1.9696205,1.4095981,0.09972764,0.57120204
1,A_270_F,0.46695125,0.49269912,-0.13278514,0.46695125,-0.07535916,0.49269912
1,G_41_S,1.0286398,0.5544323,1.1199609,1.0286398,0.062325664,0.5544323
1,G_156_N,0.47786596,0.3291132,-0.10844188,0.47786596,-0.44020835,0.3291132
1,L_137_R,0.07308516,0.13472936,-1.0112332,0.07308516,-0.8737469,0.13472936
1,A_227_S,1.1012521,0.82587767,1.2819098,1.1012521,0.6677362,0.82587767
1,T_140_P,0.29452845,0.19168028,-0.51734346,0.29452845,-0.74672794,0.19168028
1,N_170_F,0.024797142,0.5811876,-1.118931,0.024797142,0.121998675,0.5811876
1,K_192_V,0.96332395,0.8250718,0.9742855,0.96332395,0.66593874,0.8250718
1,A_213_H,1.1235085,0.55141836,1.3315483,1.1235085,0.05560366,0.55141836
1,V_262_G,0.12789848,0.300405,-0.8889819,0.12789848,-0.5042369,0.300405
1,T_181_M,0.0028759837,0.5724234,-1.1678222,0.0028759837,0.1024516,0.5724234
1,L_40_W,0.33317494,0.16204086,-0.43114933,0.33317494,-0.8128334,0.16204086
1,F_72_P,0.001013577,0.070255816,-1.171976,0.001013577,-1.0175436,0.070255816
1,G_116_R,0.029448777,0.30799162,-1.1085564,0.029448777,-0.48731625,0.30799162
1,E_89_W,0.20110822,0.4949414,-0.7257006,0.20110822,-0.07035812,0.4949414
1,L_286_Y,0.02343291,0.3265841,-1.1219738,0.02343291,-0.44584903,0.3265841
1,D_163_W,0.02111888,0.31339765,-1.1271347,0.02111888,-0.47525913,0.31339765
1,T_189_L,0.47987744,0.5714134,-0.10395563,0.47987744,0.10019899,0.5714134
1,L_225_S,0.35258007,0.27564183,-0.38786966,0.35258007,-0.5594667,0.27564183
1,V_159_D,1.351609,0.20838007,1.8402861,1.351609,-0.7094821,0.20838007
1,I_47_A,0.9499384,0.37983075,0.9444315,0.9499384,-0.32709193,0.37983075
1,L_138_T,0.05672452,0.41958594,-1.0477227,0.05672452,-0.23842505,0.41958594
1,G_255_R,0.84658325,0.30799162,0.7139163,0.84658325,-0.48731625,0.30799162
1,S_70_I,0.0008314848,0.4132698,-1.1723821,0.0008314848,-0.2525121,0.4132698
1,V_216_H,0.3247465,0.30933532,-0.4499475,0.3247465,-0.4843194,0.30933532
1,Q_269_P,0.914756,0.4225184,0.8659634,0.914756,-0.23188472,0.4225184
1,L_75_G,0.35333362,0.1723159,-0.38618904,0.35333362,-0.78991675,0.1723159
1,R_93_M,0.27186304,0.5964053,-0.56789464,0.27186304,0.15593898,0.5964053
1,Q_269_H,1.2041465,1.0819093,1.5113972,1.2041465,1.238769,1.0819093
1,I_56_S,0.4592609,0.31950057,-0.14993712,0.4592609,-0.4616476,0.31950057
1,A_280_P,0.0026454926,0.22067845,-1.1683364,0.0026454926,-0.68205273,0.22067845
1,E_37_F,0.0064254403,0.6730998,-1.1599058,0.0064254403,0.3269924,0.6730998
1,D_131_K,0.0009290576,0.65841043,-1.1721646,0.0009290576,0.29423034,0.65841043
1,L_199_G,0.069212586,0.1723159,-1.0198703,0.069212586,-0.78991675,0.1723159
1,I_246_P,0.0008509755,0.029159814,-1.1723387,0.0008509755,-1.1092008,0.029159814
1,T_29_P,0.2672035,0.19168028,-0.5782869,0.2672035,-0.74672794,0.19168028
1,A_187_V,0.3094819,0.67689025,-0.4839925,0.3094819,0.33544624,0.67689025
1,R_43_K,1.3021665,0.7110801,1.7300134,1.3021665,0.41170055,0.7110801
1,T_140_G,1.0836034,0.5229783,1.2425475,1.0836034,-0.007826887,0.5229783
1,M_117_H,0.023163736,0.40125728,-1.1225741,0.023163736,-0.27930382,0.40125728
1,L_40_R,0.23905143,0.13472936,-0.6410751,0.23905143,-0.8737469,0.13472936
1,A_202_I,0.88799095,0.6067639,0.80626875,0.88799095,0.17904198,0.6067639
1,Y_46_W,0.037629575,0.44806868,-1.0903106,0.037629575,-0.17489943,0.44806868
1,L_91_Y,0.40551746,0.3265841,-0.2698023,0.40551746,-0.44584903,0.3265841
1,G_245_P,0.0008392334,0.11820012,-1.1723648,0.0008392334,-0.91061234,0.11820012
1,T_195_K,1.4598184,0.49702752,2.0816278,1.4598184,-0.065705426,0.49702752
1,E_166_M,0.0009551048,0.9274732,-1.1721064,0.0009551048,0.89432675,0.9274732
1,L_201_E,1.2514207,0.1424677,1.6168339,1.2514207,-0.8564878,0.1424677
1,E_274_A,0.98855686,0.8103061,1.0305631,0.98855686,0.6330066,0.8103061
1,A_227_Y,1.0538744,0.506575,1.1762421,1.0538744,-0.044411533,0.506575
1,A_86_M,0.8514601,0.8105507,0.72479326,0.8514601,0.633552,0.8105507
1,G_245_T,0.010255337,0.5042252,-1.151364,0.010255337,-0.049652316,0.5042252
1,M_186_T,0.037965506,0.511816,-1.0895613,0.037965506,-0.032722346,0.511816
1,A_135_R,0.0008753538,0.47653723,-1.1722844,0.0008753538,-0.111405395,0.47653723
1,L_148_I,0.56922024,0.84479356,0.09530757,0.56922024,0.70992464,0.84479356
1,M_117_Y,0.046730608,0.5413007,-1.0700123,0.046730608,0.033037968,0.5413007
1,A_172_K,0.2805732,0.56647474,-0.54846823,0.2805732,0.089184195,0.56647474
1,L_286_G,0.04584655,0.1723159,-1.071984,0.04584655,-0.78991675,0.1723159
1,D_38_G,1.3597448,0.5283831,1.8584315,1.3597448,0.0042275265,0.5283831
1,M_155_Y,0.46426192,0.5413007,-0.13878323,0.46426192,0.033037968,0.5413007
1,F_230_C,0.40487456,0.39442325,-0.27123615,0.40487456,-0.29454595,0.39442325
1,D_233_Y,0.066290736,0.44466376,-1.026387,0.066290736,-0.18249345,0.44466376
1,V_74_E,0.0023272634,0.2734291,-1.169046,0.0023272634,-0.5644018,0.2734291
1,I_142_F,0.32002264,0.5388694,-0.46048322,0.32002264,0.027615435,0.5388694
1,I_56_P,1.3116546,0.029159814,1.7511749,1.3116546,-1.1092008,0.029159814
1,E_89_C,0.38466376,0.7246094,-0.3163127,0.38466376,0.44187528,0.7246094
1,G_238_R,0.0023991466,0.30799162,-1.1688857,0.0023991466,-0.48731625,0.30799162
1,V_80_L,0.42412072,0.6990294,-0.22831102,0.42412072,0.38482368,0.6990294
1,I_263_N,0.0020474195,0.15939334,-1.1696702,0.0020474195,-0.8187382,0.15939334
1,E_171_I,0.8514601,0.75286394,0.72479326,0.8514601,0.5048921,0.75286394
1,G_144_P,0.0051699877,0.11820012,-1.1627059,0.0051699877,-0.91061234,0.11820012
1,A_280_C,0.89467764,0.72864246,0.82118225,0.89467764,0.45087034,0.72864246
1,V_74_Q,0.0056686997,0.37300628,-1.1615936,0.0056686997,-0.34231263,0.37300628
1,R_277_A,1.0379413,0.56066763,1.1407063,1.0379413,0.07623244,0.56066763
1,E_168_G,0.9623602,0.81002057,0.9721361,0.9623602,0.63236964,0.81002057
1,T_140_R,1.3383847,0.46670976,1.8107917,1.3383847,-0.13332376,0.46670976
1,G_54_L,0.190882,0.27548736,-0.7485084,0.190882,-0.55981123,0.27548736
1,L_221_Y,0.02423662,0.3265841,-1.1201812,0.02423662,-0.44584903,0.3265841
1,I_279_C,0.18698817,0.60815674,-0.75719285,0.18698817,0.18214846,0.60815674
1,A_126_I,0.12252396,0.6067639,-0.9009688,0.12252396,0.17904198,0.6067639
1,G_251_L,0.0010390282,0.27548736,-1.1719192,0.0010390282,-0.55981123,0.27548736
1,T_114_Y,1.3235153,0.41662025,1.7776281,1.3235153,-0.24503946,0.41662025
1,G_251_H,0.04474935,0.4006125,-1.0744312,0.04474935,-0.28074193,0.4006125
1,G_236_P,0.0008314848,0.11820012,-1.1723821,0.0008314848,-0.91061234,0.11820012
1,Q_88_C,0.81986934,0.91388595,0.6543356,0.81986934,0.864023,0.91388595
1,T_160_N,0.003807962,0.61302096,-1.1657436,0.003807962,0.19299719,0.61302096
1,A_135_I,0.0010972023,0.6067639,-1.1717895,0.0010972023,0.17904198,0.6067639
1,D_115_F,0.39039618,0.3132605,-0.30352756,0.39039618,-0.47556496,0.3132605
1,L_207_R,0.0008737445,0.13472936,-1.172288,0.0008737445,-0.8737469,0.13472936
1,R_83_G,0.33496097,0.400281,-0.42716596,0.33496097,-0.28148127,0.400281
1,D_233_I,0.07481837,0.40012157,-1.0073676,0.07481837,-0.28183687,0.40012157
1,G_144_V,0.0048045516,0.28604984,-1.1635209,0.0048045516,-0.53625345,0.28604984
1,K_146_V,0.94606483,0.8250718,0.9357921,0.94606483,0.66593874,0.8250718
1,L_199_N,0.13650113,0.20500767,-0.8697952,0.13650113,-0.7170036,0.20500767
1,M_117_P,0.004065037,0.11260238,-1.1651703,0.004065037,-0.92309713,0.11260238
1,E_166_G,0.0008314848,0.81002057,-1.1723821,0.0008314848,0.63236964,0.81002057
1,I_47_N,0.030133188,0.15939334,-1.1070299,0.030133188,-0.8187382,0.15939334
1,R_178_A,0.5328572,0.56066763,0.014206302,0.5328572,0.07623244,0.56066763
1,L_162_A,0.89903045,0.35260242,0.83089036,0.89903045,-0.38781983,0.35260242
1,D_254_Y,0.9380371,0.44466376,0.91788775,0.9380371,-0.18249345,0.44466376
1,G_242_E,0.00409323,0.43290558,-1.1651074,0.00409323,-0.20871797,0.43290558
1,L_113_Y,0.74768937,0.3265841,0.49335104,0.74768937,-0.44584903,0.3265841
1,S_243_W,0.002378285,0.4194278,-1.1689323,0.002378285,-0.23877776,0.4194278
1,L_194_C,0.5021206,0.47240803,-0.054346167,0.5021206,-0.120614834,0.47240803
1,G_228_F,0.3216204,0.1830002,-0.45691967,0.3216204,-0.7660873,0.1830002
1,V_108_T,0.36647707,0.53004736,-0.35687488,0.36647707,0.007939465,0.53004736
1,M_211_S,0.009352267,0.5520534,-1.153378,0.009352267,0.057019956,0.5520534
1,L_207_H,0.001506269,0.17728692,-1.1708772,0.001506269,-0.77882975,0.17728692
1,G_87_I,0.10508743,0.19195956,-0.9398579,0.10508743,-0.7461051,0.19195956
1,P_62_C,0.93586665,0.4121487,0.91304696,0.93586665,-0.25501245,0.4121487
1,Q_99_H,1.1143836,1.0819093,1.311197,1.1143836,1.238769,1.0819093
1,S_98_D,0.95716655,0.526446,0.9605526,0.95716655,-9.281188e-05,0.526446
1,W_290_Y,0.39142257,0.5592175,-0.3012384,0.39142257,0.07299829,0.5592175
1,R_259_D,0.0014855862,0.35560453,-1.1709234,0.0014855862,-0.38112417,0.35560453
1,N_170_H,0.12809962,0.80878305,-0.8885333,0.12809962,0.6296096,0.80878305
1,M_211_E,0.001481533,0.42634523,-1.1709323,0.001481533,-0.22334969,0.42634523
1,S_70_V,0.000856936,0.5319878,-1.1723254,0.000856936,0.012267239,0.5319878
1,W_210_H,0.035275012,0.18392372,-1.095562,0.035275012,-0.7640276,0.18392372
1,M_68_A,0.38559383,0.65080535,-0.31423837,0.38559383,0.27726862,0.65080535
1,T_265_L,0.8514601,0.5714134,0.72479326,0.8514601,0.10019899,0.5714134
1,A_232_M,0.3760267,0.8105507,-0.33557624,0.3760267,0.633552,0.8105507
1,Q_205_C,0.01436919,0.91388595,-1.1421887,0.01436919,0.864023,0.91388595
1,G_78_N,0.0025401711,0.3291132,-1.1685712,0.0025401711,-0.44020835,0.3291132
1,C_77_I,0.42573008,0.37231487,-0.22472167,0.42573008,-0.34385478,0.37231487
1,I_260_T,0.021692395,0.45950258,-1.1258556,0.021692395,-0.14939809,0.45950258
1,E_63_N,1.0445509,0.78406596,1.155448,1.0445509,0.57448256,0.78406596
1,A_227_L,1.0076551,0.57120204,1.0731583,1.0076551,0.09972764,0.57120204
1,E_240_Q,1.1680895,0.8871386,1.4309787,1.1680895,0.80436766,0.8871386
1,A_248_W,0.0035008788,0.35775304,-1.1664286,0.0035008788,-0.37633228,0.35775304
1,V_119_N,0.04904887,0.2766079,-1.0648419,0.04904887,-0.5573121,0.2766079
1,G_242_C,0.044525176,0.35471225,-1.0749311,0.044525176,-0.38311428,0.35471225
1,T_128_M,0.698483,0.5724234,0.38360506,0.698483,0.1024516,0.5724234
1,S_98_E,1.0494242,0.6471207,1.1663166,1.0494242,0.26905066,0.6471207
1,N_175_I,0.6434816,0.5384031,0.26093435,0.6434816,0.026575454,0.5384031
1,E_28_K,1.0125625,0.76108575,1.0841032,1.0125625,0.5232293,0.76108575
1,R_43_W,0.36661172,0.34858778,-0.35657457,0.36661172,-0.3967738,0.34858778
1,G_255_K,1.1256738,0.42417562,1.336378,1.1256738,-0.2281886,0.42417562
1,D_38_F,1.2041465,0.3132605,1.5113972,1.2041465,-0.47556496,0.3132605
1,K_73_H,0.0010783076,0.813401,-1.1718316,0.0010783076,0.63990915,0.813401
1,A_224_D,0.6125043,0.5733793,0.19184494,0.6125043,0.104583524,0.5733793
1,T_140_A,1.2776891,0.7118702,1.675421,1.2776891,0.41346282,0.7118702
1,A_284_C,0.9285239,0.72864246,0.89667016,0.9285239,0.45087034,0.72864246
1,R_120_V,0.7746663,0.45763123,0.55351835,0.7746663,-0.15357184,0.45763123
1,I_142_W,0.04223776,0.25938317,-1.0800328,0.04223776,-0.59572875,0.25938317
1,S_223_N,0.9455161,0.5971189,0.9345683,0.9455161,0.1575306,0.5971189
1,R_204_G,0.43382493,0.400281,-0.20666751,0.43382493,-0.28148127,0.400281
1,D_85_K,0.07171783,0.65841043,-1.0142828,0.07171783,0.29423034,0.65841043
1,A_185_P,0.41467008,0.22067845,-0.24938898,0.41467008,-0.68205273,0.22067845
1,T_189_G,0.50444394,0.5229783,-0.049164396,0.50444394,-0.007826887,0.5229783
1,L_286_T,0.6526086,0.41958594,0.28129038,0.6526086,-0.23842505,0.41958594
1,T_180_P,0.0012823343,0.19168028,-1.1713766,0.0012823343,-0.74672794,0.19168028
1,V_44_R,0.000888288,0.22166544,-1.1722555,0.000888288,-0.6798514,0.22166544
1,F_66_R,0.0020090342,0.2843129,-1.1697558,0.0020090342,-0.54012746,0.2843129
1,N_170_Y,0.023755014,0.6564271,-1.1212553,0.023755014,0.2898069,0.6564271
1,A_125_P,0.0010783076,0.22067845,-1.1718316,0.0010783076,-0.68205273,0.22067845
1,P_257_Y,0.03850913,0.3428641,-1.0883489,0.03850913,-0.40953946,0.3428641
1,K_256_L,0.80984735,0.85390776,0.63198334,0.80984735,0.73025227,0.85390776
1,G_255_L,0.67346036,0.27548736,0.3277965,0.67346036,-0.55981123,0.27548736
1,G_196_D,1.0327506,0.3392113,1.1291293,1.0327506,-0.41768634,0.3392113
1,E_147_M,1.0243281,0.9274732,1.1103444,1.0243281,0.89432675,0.9274732
1,E_168_M,1.1334407,0.9274732,1.3537005,1.1334407,0.89432675,0.9274732
1,L_139_W,0.049755365,0.16204086,-1.0632662,0.049755365,-0.8128334,0.16204086
1,T_149_R,0.90749705,0.46670976,0.84977365,0.90749705,-0.13332376,0.46670976
1,K_73_P,0.0008314848,0.18619484,-1.1723821,0.0008314848,-0.7589623,0.18619484
1,L_201_Q,1.14598,0.24536508,1.3816673,1.14598,-0.6269936,0.24536508
1,L_137_T,0.34210306,0.41958594,-0.4112368,0.34210306,-0.23842505,0.41958594
1,L_162_D,0.01755482,0.044754058,-1.1350837,0.01755482,-1.0744207,0.044754058
1,T_266_C,0.8130094,0.6661359,0.6390357,0.8130094,0.3114606,0.6661359
1,L_194_M,1.2366805,0.8376062,1.5839586,1.2366805,0.6938945,0.8376062
1,E_110_I,0.97807086,0.75286394,1.0071759,0.97807086,0.5048921,0.75286394
1,T_118_K,0.30386972,0.49702752,-0.4965094,0.30386972,-0.065705426,0.49702752
1,N_175_G,1.159943,0.62527275,1.4128093,1.159943,0.22032273,0.62527275
1,A_86_E,1.004962,0.51238,1.0671517,1.004962,-0.031464495,0.51238
1,A_249_K,0.03707686,0.56647474,-1.0915433,0.03707686,0.089184195,0.56647474
1,T_29_F,0.055917323,0.39873838,-1.049523,0.055917323,-0.28492182,0.39873838
1,N_170_G,0.89005345,0.62527275,0.8108688,0.89005345,0.22032273,0.62527275
1,S_223_Y,0.7789663,0.45789477,0.5631088,0.7789663,-0.15298402,0.45789477
1,E_48_C,0.35239953,0.7246094,-0.38827235,0.35239953,0.44187528,0.7246094
1,K_111_D,0.94008815,0.7266903,0.92246217,0.94008815,0.44651645,0.7266903
1,H_289_F,1.2552814,0.79640704,1.6254447,1.2552814,0.60200715,0.79640704
1,H_153_P,0.05294171,0.4517581,-1.0561596,0.05294171,-0.1666708,0.4517581
1,V_216_D,0.012562335,0.20838007,-1.1462185,0.012562335,-0.7094821,0.20838007
1,D_214_G,0.35785222,0.5283831,-0.37611106,0.35785222,0.0042275265,0.5283831
1,E_58_R,0.7041135,0.7489608,0.39616287,0.7041135,0.49618676,0.7489608
1,E_240_A,1.2068948,0.8103061,1.5175267,1.2068948,0.6330066,0.8103061
1,L_190_I,1.0006156,0.84479356,1.0574579,1.0006156,0.70992464,0.84479356
1,I_47_V,1.1962981,0.88935566,1.4938928,1.1962981,0.8093124,0.88935566
1,M_272_T,0.5249809,0.511816,-0.003360361,0.5249809,-0.032722346,0.511816
1,E_197_W,0.2738859,0.4949414,-0.563383,0.2738859,-0.07035812,0.4949414
1,Y_46_I,0.47447038,0.43834412,-0.116015136,0.47447038,-0.19658828,0.43834412
1,P_183_K,0.000888288,0.46925908,-1.1722555,0.000888288,-0.12763798,0.46925908
1,N_136_L,0.011701405,0.60960716,-1.1481388,0.011701405,0.18538332,0.60960716
1,L_40_A,0.40334573,0.35260242,-0.27464595,0.40334573,-0.38781983,0.35260242
1,I_260_W,0.002932191,0.25938317,-1.167697,0.002932191,-0.59572875,0.25938317
1,L_152_T,0.60207325,0.41958594,0.1685803,0.60207325,-0.23842505,0.41958594
1,Q_90_M,0.8891575,1.0617925,0.8088705,0.8891575,1.1939021,1.0617925
1,K_32_T,1.2690675,0.90909564,1.6561922,1.2690675,0.85333896,0.90909564
1,I_208_G,0.65078634,0.11902431,0.2772262,0.65078634,-0.90877414,0.11902431
1,E_104_N,0.8514601,0.78406596,0.72479326,0.8514601,0.57448256,0.78406596
1,R_241_E,0.5033022,0.46128264,-0.05171081,0.5033022,-0.145428,0.46128264
1,V_84_L,0.2314809,0.6990294,-0.6579598,0.2314809,0.38482368,0.6990294
1,K_256_Y,0.98563266,0.7759323,1.024041,0.98563266,0.55634195,0.7759323
1,E_110_G,0.94453156,0.81002057,0.93237245,0.94453156,0.63236964,0.81002057
1,T_271_M,0.88227046,0.5724234,0.7935102,0.88227046,0.1024516,0.5724234
1,P_167_F,0.17499697,0.3227377,-0.7839371,0.17499697,-0.45442778,0.3227377
1,S_59_G,0.9329715,0.5882386,0.9065898,0.9329715,0.13772467,0.5882386
1,I_279_H,0.0043715835,0.24374661,-1.1644865,0.0043715835,-0.6306033,0.24374661
1,E_58_I,0.16987753,0.75286394,-0.79535514,0.16987753,0.5048921,0.75286394
1,L_148_G,0.04414916,0.1723159,-1.0757698,0.04414916,-0.78991675,0.1723159
1,L_138_H,0.00163728,0.17728692,-1.1705849,0.00163728,-0.77882975,0.17728692
1,L_286_N,0.03637618,0.20500767,-1.093106,0.03637618,-0.7170036,0.20500767
1,M_69_P,0.00087082386,0.11260238,-1.1722944,0.00087082386,-0.92309713,0.11260238
1,G_143_I,0.12772995,0.19195956,-0.88935775,0.12772995,-0.7461051,0.19195956
1,N_170_D,0.39209113,0.6943445,-0.29974732,0.39209113,0.37437487,0.6943445
1,A_135_D,0.0009932518,0.5733793,-1.1720214,0.0009932518,0.104583524,0.5733793
1,N_132_S,0.22754833,0.71265525,-0.6667307,0.22754833,0.41521373,0.71265525
1,I_279_Y,0.17718211,0.35389832,-0.7790635,0.17718211,-0.38492957,0.35389832
1,G_238_K,0.0023107529,0.42417562,-1.1690829,0.0023107529,-0.2281886,0.42417562
1,E_177_F,0.941314,0.6730998,0.9251962,0.941314,0.3269924,0.6730998
1,N_52_W,0.77118766,0.5368685,0.54575986,0.77118766,0.023152776,0.5368685
1,I_208_T,1.0644033,0.45950258,1.199725,1.0644033,-0.14939809,0.45950258
1,H_153_T,0.90956515,0.9757026,0.85438615,0.90956515,1.0018939,0.9757026
1,G_78_A,1.1321945,0.5871113,1.3509213,1.1321945,0.1352103,0.5871113
1,L_49_Q,0.42839688,0.24536508,-0.21877381,0.42839688,-0.6269936,0.24536508
1,A_237_V,0.168347,0.67689025,-0.7987687,0.168347,0.33544624,0.67689025
1,I_231_N,0.013382435,0.15939334,-1.1443895,0.013382435,-0.8187382,0.15939334
1,H_158_N,1.1482079,0.9878769,1.3866363,1.1482079,1.0290465,0.9878769
1,A_172_L,0.51400554,0.57120204,-0.027838923,0.51400554,0.09972764,0.57120204
1,L_225_T,1.0920091,0.41958594,1.2612948,1.0920091,-0.23842505,0.41958594
1,W_229_G,0.0082092285,0.14166164,-1.1559274,0.0082092285,-0.8582856,0.14166164
1,G_236_K,0.0008314848,0.42417562,-1.1723821,0.0008314848,-0.2281886,0.42417562
1,S_268_G,0.8514601,0.5882386,0.72479326,0.8514601,0.13772467,0.5882386
1,T_200_W,0.06887406,0.32379782,-1.0206254,0.06887406,-0.45206338,0.32379782
1,G_238_Q,0.015781581,0.46523643,-1.1390386,0.015781581,-0.13660976,0.46523643
1,R_161_N,0.41361028,0.5689326,-0.25175273,0.41361028,0.094666,0.5689326
1,T_128_L,0.5032649,0.5714134,-0.05179406,0.5032649,0.10019899,0.5714134
1,L_51_D,0.018814802,0.044754058,-1.1322736,0.018814802,-1.0744207,0.044754058
1,E_212_G,0.73235744,0.81002057,0.459156,0.73235744,0.63236964,0.81002057
1,R_277_V,0.8514601,0.45763123,0.72479326,0.8514601,-0.15357184,0.45763123
1,A_42_S,0.78980964,0.82587767,0.58729285,0.78980964,0.6677362,0.82587767
1,R_120_T,1.1055949,0.58955413,1.2915956,1.1055949,0.14065862,0.58955413
1,E_58_K,0.94092715,0.76108575,0.9243334,0.94092715,0.5232293,0.76108575
1,A_185_E,0.911837,0.51238,0.85945314,0.911837,-0.031464495,0.51238
1,T_265_V,1.0573924,0.6595446,1.1840885,1.0573924,0.29675984,0.6595446
1,M_68_F,0.61121416,0.62301755,0.18896751,0.61121416,0.21529278,0.62301755
1,L_148_W,0.23030967,0.16204086,-0.660572,0.23030967,-0.8128334,0.16204086
1,V_108_Y,0.56887865,0.34511247,0.09454574,0.56887865,-0.40452483,0.34511247
1,L_193_E,0.026114285,0.1424677,-1.1159934,0.026114285,-0.8564878,0.1424677
1,I_47_Y,0.72670406,0.35389832,0.44654712,0.72670406,-0.38492957,0.35389832
1,E_281_M,0.8036715,0.9274732,0.6182093,0.8036715,0.89432675,0.9274732
1,D_131_M,0.0008314848,0.50108653,-1.1723821,0.0008314848,-0.05665254,0.50108653
1,V_84_S,0.5953363,0.4473251,0.15355487,0.5953363,-0.17655775,0.4473251
1,S_203_K,0.39417273,0.59177154,-0.29510468,0.39417273,0.14560416,0.59177154
1,D_115_W,0.42573008,0.31339765,-0.22472167,0.42573008,-0.47525913,0.31339765
1,P_257_S,0.6323788,0.54169524,0.23617142,0.6323788,0.03391794,0.54169524
1,L_194_Y,0.42573008,0.3265841,-0.22472167,0.42573008,-0.44584903,0.3265841
1,V_80_I,0.6961224,0.73522145,0.37834015,0.6961224,0.46554363,0.73522145
1,R_161_P,0.0008314848,0.10715988,-1.1723821,0.0008314848,-0.9352356,0.10715988
1,H_112_D,0.13834947,0.82219183,-0.8656728,0.13834947,0.65951556,0.82219183
1,G_242_V,0.0019560456,0.28604984,-1.169874,0.0019560456,-0.53625345,0.28604984
1,L_91_E,0.26027107,0.1424677,-0.59374845,0.26027107,-0.8564878,0.1424677
1,Q_90_E,1.0765929,1.0879498,1.2269119,1.0765929,1.2522411,1.0879498
1,P_257_A,1.0294123,0.6123512,1.1216837,1.0294123,0.1915034,0.6123512
1,V_84_F,0.36631173,0.4829018,-0.35724363,0.36631173,-0.09721028,0.4829018
1,T_180_N,0.02452445,0.61302096,-1.1195393,0.02452445,0.19299719,0.61302096
1,Y_264_D,0.0009364486,-0.13988858,-1.1721481,0.0009364486,-1.4862331,-0.13988858
1,Q_88_W,0.808846,0.84670854,0.62974995,0.808846,0.7141957,0.84670854
1,Q_99_G,1.0476987,0.9032835,1.1624684,1.0476987,0.840376,0.9032835
1,D_38_A,1.2628102,0.553515,1.6422364,1.2628102,0.060279824,0.553515
1,S_70_E,0.0008314848,0.6471207,-1.1723821,0.0008314848,0.26905066,0.6471207
1,R_94_D,0.30184647,0.35560453,-0.5010219,0.30184647,-0.38112417,0.35560453
1,F_66_C,0.009789109,0.39442325,-1.1524038,0.009789109,-0.29454595,0.39442325
1,A_202_C,1.0949333,0.72864246,1.2678165,1.0949333,0.45087034,0.72864246
1,G_87_S,0.8137118,0.5544323,0.6406024,0.8137118,0.062325664,0.5544323
1,E_168_K,1.0059879,0.76108575,1.0694398,1.0059879,0.5232293,0.76108575
1,M_186_Y,0.698483,0.5413007,0.38360506,0.698483,0.033037968,0.5413007
1,A_126_G,0.38349852,0.7460821,-0.3189116,0.38349852,0.48976642,0.7460821
1,R_120_Y,1.299329,0.43379882,1.723685,1.299329,-0.20672578,0.43379882
1,E_177_N,1.0538744,0.78406596,1.1762421,1.0538744,0.57448256,0.78406596
1,R_222_T,0.041303843,0.58955413,-1.0821158,0.041303843,0.14065862,0.58955413
1,L_113_D,0.43167305,0.044754058,-0.21146694,0.43167305,-1.0744207,0.044754058
1,I_282_E,0.0008981228,0.16354534,-1.1722336,0.0008981228,-0.8094779,0.16354534
1,G_267_I,0.05892691,0.19195956,-1.0428107,0.05892691,-0.7461051,0.19195956
1,H_112_Q,0.59344155,0.88613015,0.1493289,0.59344155,0.8021186,0.88613015
1,D_35_P,0.0016630292,0.1259251,-1.1705276,0.0016630292,-0.8933832,0.1259251
1,G_242_Q,0.020773172,0.46523643,-1.1279057,0.020773172,-0.13660976,0.46523643
1,T_118_S,0.8514601,0.7805731,0.72479326,0.8514601,0.5666925,0.7805731
1,I_287_V,0.97065794,0.88935566,0.9906427,0.97065794,0.8093124,0.88935566
1,R_191_G,0.93522274,0.400281,0.9116108,0.93522274,-0.28148127,0.400281
1,S_130_Y,0.0008314848,0.45789477,-1.1723821,0.0008314848,-0.15298402,0.45789477
1,R_164_G,0.5396575,0.400281,0.02937306,0.5396575,-0.28148127,0.400281
1,N_170_R,0.046619117,0.7926374,-1.070261,0.046619117,0.5935997,0.7926374
1,L_30_H,1.0125625,0.17728692,1.0841032,1.0125625,-0.77882975,0.17728692
1,M_69_Y,0.008404434,0.5413007,-1.1554921,0.008404434,0.033037968,0.5413007
1,V_44_L,1.0786904,0.6990294,1.2315899,1.0786904,0.38482368,0.6990294
1,G_78_L,0.12178892,0.27548736,-0.90260816,0.12178892,-0.55981123,0.27548736
1,K_146_R,1.1529156,0.9331932,1.3971359,1.1529156,0.9070844,0.9331932
1,L_91_P,0.403379,0.012275517,-0.27457175,0.403379,-1.1468583,0.012275517
1,T_180_M,0.039355725,0.5724234,-1.0864607,0.039355725,0.1024516,0.5724234
1,V_119_Y,0.031269252,0.34511247,-1.1044961,0.031269252,-0.40452483,0.34511247
1,R_43_Y,0.8514601,0.43379882,0.72479326,0.8514601,-0.20672578,0.43379882
1,T_180_Y,0.0084193945,0.41662025,-1.1554587,0.0084193945,-0.24503946,0.41662025
1,T_188_S,1.0950106,0.7805731,1.2679892,1.0950106,0.5666925,0.7805731
1,R_65_L,0.58178574,0.4754458,0.1233327,0.58178574,-0.11383962,0.4754458
1,I_208_L,1.219703,0.87006634,1.5460932,1.219703,0.7662911,0.87006634
1,P_219_Q,1.0322475,0.5079873,1.1280072,1.0322475,-0.041261487,0.5079873
1,G_78_V,0.15431595,0.28604984,-0.83006245,0.15431595,-0.53625345,0.28604984
1,T_133_E,0.03510964,0.53725404,-1.0959308,0.03510964,0.02401267,0.53725404
1,K_192_Y,1.0086704,0.7759323,1.0754228,1.0086704,0.55634195,0.7759323
1,R_191_N,0.89631945,0.5689326,0.82484394,0.89631945,0.094666,0.5689326
1,D_101_C,0.33664525,0.50678396,-0.42340952,0.33664525,-0.043945484,0.50678396
1,P_226_A,0.17881107,0.6123512,-0.77543044,0.17881107,0.1915034,0.6123512
1,D_163_L,0.030991375,0.457499,-1.1051159,0.030991375,-0.15386677,0.457499
1,A_270_M,1.0906241,0.8105507,1.2582058,1.0906241,0.633552,0.8105507
1,Q_206_S,0.94008815,1.0632163,0.92246217,0.94008815,1.1970776,1.0632163
1,P_62_Y,0.60207325,0.3428641,0.1685803,0.60207325,-0.40953946,0.3428641
1,I_282_V,0.6312104,0.88935566,0.23356555,0.6312104,0.8093124,0.88935566
1,I_282_C,0.05184236,0.60815674,-1.0586115,0.05184236,0.18214846,0.60815674
1,W_290_T,0.0036885142,0.22680521,-1.16601,0.0036885142,-0.66838807,0.22680521
1,L_220_S,0.029059231,0.27564183,-1.1094252,0.029059231,-0.5594667,0.27564183
1,A_248_H,0.0008314848,0.55141836,-1.1723821,0.0008314848,0.05560366,0.55141836
1,A_227_H,1.1530945,0.55141836,1.3975351,1.1530945,0.05560366,0.55141836
1,N_276_D,0.7012549,0.6943445,0.38978735,0.7012549,0.37437487,0.6943445
1,T_114_E,1.2757485,0.53725404,1.6710926,1.2757485,0.02401267,0.53725404
1,G_87_D,0.80628335,0.3392113,0.6240346,0.80628335,-0.41768634,0.3392113
1,P_107_W,0.09639847,0.36742178,-0.95923704,0.09639847,-0.35476792,0.36742178
1,D_38_N,1.0527282,0.5801655,1.1736856,1.0527282,0.119719066,0.5801655
1,G_143_S,0.28209656,0.5544323,-0.5450706,0.28209656,0.062325664,0.5544323
1,R_277_Y,1.0125625,0.43379882,1.0841032,1.0125625,-0.20672578,0.43379882
1,S_130_I,0.00090676546,0.4132698,-1.1722143,0.00090676546,-0.2525121,0.4132698
1,K_234_P,0.0008314848,0.18619484,-1.1723821,0.0008314848,-0.7589623,0.18619484
1,L_76_P,0.0018907785,0.012275517,-1.1700196,0.0018907785,-1.1468583,0.012275517
1,M_211_N,0.0013199449,0.5158013,-1.1712928,0.0013199449,-0.023833804,0.5158013
1,A_248_G,0.6842644,0.7460821,0.35189313,0.6842644,0.48976642,0.7460821
1,I_260_D,0.001390636,0.0736945,-1.1711351,0.001390636,-1.0098742,0.0736945
1,T_160_P,0.0011897683,0.19168028,-1.171583,0.0011897683,-0.74672794,0.19168028
1,I_246_F,0.19807449,0.5388694,-0.7324668,0.19807449,0.027615435,0.5388694
1,F_151_N,0.26669338,0.32468748,-0.5794246,0.26669338,-0.45007914,0.32468748
1,M_186_Q,0.08949873,0.40213045,-0.9746257,0.08949873,-0.2773564,0.40213045
1,G_238_P,0.0009250641,0.11820012,-1.1721734,0.0009250641,-0.91061234,0.11820012
1,V_261_K,0.0011546612,0.2487019,-1.1716614,0.0011546612,-0.6195514,0.2487019
1,A_42_H,0.08745459,0.55141836,-0.97918475,0.08745459,0.05560366,0.55141836
1,R_43_T,0.6958614,0.58955413,0.37775806,0.6958614,0.14065862,0.58955413
1,P_257_G,0.61985207,0.38400263,0.20823285,0.61985207,-0.3177873,0.38400263
1,R_161_D,0.3010366,0.35560453,-0.5028282,0.3010366,-0.38112417,0.35560453
1,E_212_L,0.51897067,0.7459465,-0.016765164,0.51897067,0.48946404,0.7459465
1,K_215_Y,0.7029115,0.7759323,0.39348197,0.7029115,0.55634195,0.7759323
1,I_260_N,0.0019399524,0.15939334,-1.16991,0.0019399524,-0.8187382,0.15939334
1,L_40_G,0.4211911,0.1723159,-0.23484501,0.4211911,-0.78991675,0.1723159
1,D_115_N,1.0125625,0.5801655,1.0841032,1.0125625,0.119719066,0.5801655
1,T_160_G,0.16652882,0.5229783,-0.8028238,0.16652882,-0.007826887,0.5229783
1,Q_90_H,1.2098572,1.0819093,1.5241342,1.2098572,1.238769,1.0819093
1,G_92_L,0.73658293,0.27548736,0.4685802,0.73658293,-0.55981123,0.27548736
1,L_169_W,0.004236877,0.16204086,-1.164787,0.004236877,-0.8128334,0.16204086
1,I_247_L,0.63345844,0.87006634,0.2385794,0.63345844,0.7662911,0.87006634
1,G_41_M,0.7412391,0.28964958,0.47896492,0.7412391,-0.52822495,0.28964958
1,E_48_F,0.62134475,0.6730998,0.211562,0.62134475,0.3269924,0.6730998
1,T_188_D,1.1106036,0.49201995,1.3027663,1.1106036,-0.07687392,0.49201995
1,F_230_G,0.16072819,0.21010861,-0.8157611,0.16072819,-0.70562685,0.21010861
1,L_190_M,0.9368837,0.8376062,0.91531533,0.9368837,0.6938945,0.8376062
1,K_111_C,0.6326326,0.8050355,0.2367376,0.6326326,0.62125134,0.8050355
1,R_191_K,1.1497688,0.7110801,1.3901176,1.1497688,0.41170055,0.7110801
1,R_259_P,0.0008314848,0.10715988,-1.1723821,0.0008314848,-0.9352356,0.10715988
1,M_129_N,0.48230273,0.5158013,-0.09854644,0.48230273,-0.023833804,0.5158013
1,K_55_S,1.0699593,0.8732649,1.2121166,1.0699593,0.77342486,0.8732649
1,L_162_H,0.32781684,0.17728692,-0.44309965,0.32781684,-0.77882975,0.17728692
1,A_270_Q,0.96400654,0.66573846,0.975808,0.96400654,0.3105743,0.66573846
1,L_138_E,0.0022107363,0.1424677,-1.169306,0.0022107363,-0.8564878,0.1424677
1,L_286_F,0.48903543,0.59290755,-0.08353036,0.48903543,0.1481379,0.59290755
1,N_154_V,0.83134997,0.5873178,0.67994124,0.83134997,0.13567102,0.5873178
1,E_37_H,0.022674918,0.7563788,-1.1236643,0.022674918,0.5127314,0.7563788
1,V_31_Q,1.2041465,0.37300628,1.5113972,1.2041465,-0.34231263,0.37300628
1,H_153_I,0.73393536,0.81433904,0.4626752,0.73393536,0.6420014,0.81433904
1,L_198_K,1.5615847,0.13886529,2.3085995,1.5615847,-0.86452234,0.13886529
1,D_179_V,0.0024346113,0.47608554,-1.1688067,0.0024346113,-0.1124128,0.47608554
1,A_284_R,1.1000552,0.47653723,1.2792401,1.1000552,-0.111405395,0.47653723
1,E_58_C,0.48027208,0.7246094,-0.103075415,0.48027208,0.44187528,0.7246094
1,L_162_N,0.40362513,0.20500767,-0.2740228,0.40362513,-0.7170036,0.20500767
1,T_71_R,0.0008856058,0.46670976,-1.1722615,0.0008856058,-0.13332376,0.46670976
1,V_103_F,0.46426192,0.4829018,-0.13878323,0.46426192,-0.09721028,0.4829018
